digraph {
	bird [label=bird]
	apodiform_bird [label=apodiform_bird]
	bird -> apodiform_bird
	hummingbird [label=hummingbird]
	apodiform_bird -> hummingbird
	archilochus_colubris [label=archilochus_colubris]
	hummingbird -> archilochus_colubris
	thornbill [label=thornbill]
	hummingbird -> thornbill
	swift [label=swift]
	apodiform_bird -> swift
	chimney_swift [label=chimney_swift]
	swift -> chimney_swift
	european_swift [label=european_swift]
	swift -> european_swift
	swiftlet [label=swiftlet]
	swift -> swiftlet
	tree_swift [label=tree_swift]
	apodiform_bird -> tree_swift
	aquatic_bird [label=aquatic_bird]
	bird -> aquatic_bird
	gallinule [label=gallinule]
	aquatic_bird -> gallinule
	florida_gallinule [label=florida_gallinule]
	gallinule -> florida_gallinule
	moorhen [label=moorhen]
	gallinule -> moorhen
	purple_gallinule [label=purple_gallinule]
	gallinule -> purple_gallinule
	american_gallinule [label=american_gallinule]
	purple_gallinule -> american_gallinule
	european_gallinule [label=european_gallinule]
	purple_gallinule -> european_gallinule
	seabird [label=seabird]
	aquatic_bird -> seabird
	auk [label=auk]
	seabird -> auk
	auklet [label=auklet]
	auk -> auklet
	great_auk [label=great_auk]
	auk -> great_auk
	guillemot [label=guillemot]
	auk -> guillemot
	black_guillemot [label=black_guillemot]
	guillemot -> black_guillemot
	murre [label=murre]
	guillemot -> murre
	common_murre [label=common_murre]
	murre -> common_murre
	"thick-billed_murre" [label="thick-billed_murre"]
	murre -> "thick-billed_murre"
	pigeon_guillemot [label=pigeon_guillemot]
	guillemot -> pigeon_guillemot
	little_auk [label=little_auk]
	auk -> little_auk
	razorbill [label=razorbill]
	auk -> razorbill
	coastal_diving_bird [label=coastal_diving_bird]
	seabird -> coastal_diving_bird
	jaeger [label=jaeger]
	coastal_diving_bird -> jaeger
	parasitic_jaeger [label=parasitic_jaeger]
	jaeger -> parasitic_jaeger
	skua [label=skua]
	jaeger -> skua
	great_skua [label=great_skua]
	skua -> great_skua
	larid [label=larid]
	coastal_diving_bird -> larid
	gull [label=gull]
	larid -> gull
	"black-backed_gull" [label="black-backed_gull"]
	gull -> "black-backed_gull"
	herring_gull [label=herring_gull]
	gull -> herring_gull
	ivory_gull [label=ivory_gull]
	gull -> ivory_gull
	kittiwake [label=kittiwake]
	gull -> kittiwake
	laughing_gull [label=laughing_gull]
	gull -> laughing_gull
	mew [label=mew]
	gull -> mew
	tern [label=tern]
	larid -> tern
	sea_swallow [label=sea_swallow]
	tern -> sea_swallow
	skimmer [label=skimmer]
	coastal_diving_bird -> skimmer
	gaviiform_seabird [label=gaviiform_seabird]
	seabird -> gaviiform_seabird
	loon [label=loon]
	gaviiform_seabird -> loon
	pelagic_bird [label=pelagic_bird]
	seabird -> pelagic_bird
	albatross [label=albatross]
	pelagic_bird -> albatross
	"black-footed_albatross" [label="black-footed_albatross"]
	albatross -> "black-footed_albatross"
	wandering_albatross [label=wandering_albatross]
	albatross -> wandering_albatross
	diving_petrel [label=diving_petrel]
	pelagic_bird -> diving_petrel
	petrel [label=petrel]
	pelagic_bird -> petrel
	fulmar [label=fulmar]
	petrel -> fulmar
	giant_petrel [label=giant_petrel]
	petrel -> giant_petrel
	shearwater [label=shearwater]
	petrel -> shearwater
	manx_shearwater [label=manx_shearwater]
	shearwater -> manx_shearwater
	storm_petrel [label=storm_petrel]
	petrel -> storm_petrel
	"mother_carey's_chicken" [label="mother_carey's_chicken"]
	storm_petrel -> "mother_carey's_chicken"
	stormy_petrel [label=stormy_petrel]
	storm_petrel -> stormy_petrel
	"white-chinned_petrel" [label="white-chinned_petrel"]
	petrel -> "white-chinned_petrel"
	procellariiform_seabird [label=procellariiform_seabird]
	pelagic_bird -> procellariiform_seabird
	pelecaniform_seabird [label=pelecaniform_seabird]
	seabird -> pelecaniform_seabird
	cormorant [label=cormorant]
	pelecaniform_seabird -> cormorant
	frigate_bird [label=frigate_bird]
	pelecaniform_seabird -> frigate_bird
	gannet [label=gannet]
	pelecaniform_seabird -> gannet
	booby [label=booby]
	gannet -> booby
	solan [label=solan]
	gannet -> solan
	pelican [label=pelican]
	pelecaniform_seabird -> pelican
	old_world_white_pelican [label=old_world_white_pelican]
	pelican -> old_world_white_pelican
	white_pelican [label=white_pelican]
	pelican -> white_pelican
	snakebird [label=snakebird]
	pelecaniform_seabird -> snakebird
	water_turkey [label=water_turkey]
	snakebird -> water_turkey
	tropic_bird [label=tropic_bird]
	pelecaniform_seabird -> tropic_bird
	podicipitiform_seabird [label=podicipitiform_seabird]
	seabird -> podicipitiform_seabird
	grebe [label=grebe]
	podicipitiform_seabird -> grebe
	"black-necked_grebe" [label="black-necked_grebe"]
	grebe -> "black-necked_grebe"
	dabchick [label=dabchick]
	grebe -> dabchick
	great_crested_grebe [label=great_crested_grebe]
	grebe -> great_crested_grebe
	"pied-billed_grebe" [label="pied-billed_grebe"]
	grebe -> "pied-billed_grebe"
	"red-necked_grebe" [label="red-necked_grebe"]
	grebe -> "red-necked_grebe"
	puffin [label=puffin]
	seabird -> puffin
	atlantic_puffin [label=atlantic_puffin]
	puffin -> atlantic_puffin
	horned_puffin [label=horned_puffin]
	puffin -> horned_puffin
	tufted_puffin [label=tufted_puffin]
	puffin -> tufted_puffin
	sphenisciform_seabird [label=sphenisciform_seabird]
	seabird -> sphenisciform_seabird
	penguin [label=penguin]
	sphenisciform_seabird -> penguin
	adelie [label=adelie]
	penguin -> adelie
	emperor_penguin [label=emperor_penguin]
	penguin -> emperor_penguin
	jackass_penguin [label=jackass_penguin]
	penguin -> jackass_penguin
	king_penguin [label=king_penguin]
	penguin -> king_penguin
	rock_hopper [label=rock_hopper]
	penguin -> rock_hopper
	swan [label=swan]
	aquatic_bird -> swan
	black_swan [label=black_swan]
	swan -> black_swan
	cob [label=cob]
	swan -> cob
	coscoroba [label=coscoroba]
	swan -> coscoroba
	cygnet [label=cygnet]
	swan -> cygnet
	mute_swan [label=mute_swan]
	swan -> mute_swan
	pen [label=pen]
	swan -> pen
	trumpeter [label=trumpeter]
	swan -> trumpeter
	tundra_swan [label=tundra_swan]
	swan -> tundra_swan
	"bewick's_swan" [label="bewick's_swan"]
	tundra_swan -> "bewick's_swan"
	whistling_swan [label=whistling_swan]
	tundra_swan -> whistling_swan
	whooper [label=whooper]
	swan -> whooper
	wading_bird [label=wading_bird]
	aquatic_bird -> wading_bird
	bustard [label=bustard]
	wading_bird -> bustard
	great_bustard [label=great_bustard]
	bustard -> great_bustard
	plain_turkey [label=plain_turkey]
	bustard -> plain_turkey
	button_quail [label=button_quail]
	wading_bird -> button_quail
	striped_button_quail [label=striped_button_quail]
	button_quail -> striped_button_quail
	chunga [label=chunga]
	wading_bird -> chunga
	courlan [label=courlan]
	wading_bird -> courlan
	crane [label=crane]
	wading_bird -> crane
	whooping_crane [label=whooping_crane]
	crane -> whooping_crane
	crested_cariama [label=crested_cariama]
	wading_bird -> crested_cariama
	flamingo [label=flamingo]
	wading_bird -> flamingo
	heron [label=heron]
	wading_bird -> heron
	bittern [label=bittern]
	heron -> bittern
	american_bittern [label=american_bittern]
	bittern -> american_bittern
	european_bittern [label=european_bittern]
	bittern -> european_bittern
	least_bittern [label=least_bittern]
	bittern -> least_bittern
	boatbill [label=boatbill]
	heron -> boatbill
	egret [label=egret]
	heron -> egret
	american_egret [label=american_egret]
	egret -> american_egret
	cattle_egret [label=cattle_egret]
	egret -> cattle_egret
	great_white_heron [label=great_white_heron]
	egret -> great_white_heron
	little_egret [label=little_egret]
	egret -> little_egret
	snowy_egret [label=snowy_egret]
	egret -> snowy_egret
	great_blue_heron [label=great_blue_heron]
	heron -> great_blue_heron
	great_white_heron [label=great_white_heron]
	heron -> great_white_heron
	little_blue_heron [label=little_blue_heron]
	heron -> little_blue_heron
	night_heron [label=night_heron]
	heron -> night_heron
	"black-crowned_night_heron" [label="black-crowned_night_heron"]
	night_heron -> "black-crowned_night_heron"
	"yellow-crowned_night_heron" [label="yellow-crowned_night_heron"]
	night_heron -> "yellow-crowned_night_heron"
	ibis [label=ibis]
	wading_bird -> ibis
	sacred_ibis [label=sacred_ibis]
	ibis -> sacred_ibis
	wood_ibis [label=wood_ibis]
	ibis -> wood_ibis
	limpkin [label=limpkin]
	wading_bird -> limpkin
	ortygan [label=ortygan]
	wading_bird -> ortygan
	plain_wanderer [label=plain_wanderer]
	wading_bird -> plain_wanderer
	rail [label=rail]
	wading_bird -> rail
	coot [label=coot]
	rail -> coot
	american_coot [label=american_coot]
	coot -> american_coot
	old_world_coot [label=old_world_coot]
	coot -> old_world_coot
	crake [label=crake]
	rail -> crake
	corncrake [label=corncrake]
	crake -> corncrake
	spotted_crake [label=spotted_crake]
	crake -> spotted_crake
	notornis [label=notornis]
	rail -> notornis
	weka [label=weka]
	rail -> weka
	shoebill [label=shoebill]
	wading_bird -> shoebill
	shorebird [label=shorebird]
	wading_bird -> shorebird
	avocet [label=avocet]
	shorebird -> avocet
	courser [label=courser]
	shorebird -> courser
	"cream-colored_courser" [label="cream-colored_courser"]
	courser -> "cream-colored_courser"
	crocodile_bird [label=crocodile_bird]
	courser -> crocodile_bird
	curlew [label=curlew]
	shorebird -> curlew
	eskimo_curlew [label=eskimo_curlew]
	curlew -> eskimo_curlew
	european_curlew [label=european_curlew]
	curlew -> european_curlew
	godwit [label=godwit]
	shorebird -> godwit
	hudsonian_godwit [label=hudsonian_godwit]
	godwit -> hudsonian_godwit
	oystercatcher [label=oystercatcher]
	shorebird -> oystercatcher
	phalarope [label=phalarope]
	shorebird -> phalarope
	northern_phalarope [label=northern_phalarope]
	phalarope -> northern_phalarope
	red_phalarope [label=red_phalarope]
	phalarope -> red_phalarope
	"wilson's_phalarope" [label="wilson's_phalarope"]
	phalarope -> "wilson's_phalarope"
	plover [label=plover]
	shorebird -> plover
	dotterel [label=dotterel]
	plover -> dotterel
	golden_plover [label=golden_plover]
	plover -> golden_plover
	killdeer [label=killdeer]
	plover -> killdeer
	lapwing [label=lapwing]
	plover -> lapwing
	piping_plover [label=piping_plover]
	plover -> piping_plover
	turnstone [label=turnstone]
	plover -> turnstone
	black_turnstone [label=black_turnstone]
	turnstone -> black_turnstone
	ruddy_turnstone [label=ruddy_turnstone]
	turnstone -> ruddy_turnstone
	pratincole [label=pratincole]
	shorebird -> pratincole
	sandpiper [label=sandpiper]
	shorebird -> sandpiper
	curlew_sandpiper [label=curlew_sandpiper]
	sandpiper -> curlew_sandpiper
	european_sandpiper [label=european_sandpiper]
	sandpiper -> european_sandpiper
	greenshank [label=greenshank]
	sandpiper -> greenshank
	knot [label=knot]
	sandpiper -> knot
	least_sandpiper [label=least_sandpiper]
	sandpiper -> least_sandpiper
	pectoral_sandpiper [label=pectoral_sandpiper]
	sandpiper -> pectoral_sandpiper
	"red-backed_sandpiper" [label="red-backed_sandpiper"]
	sandpiper -> "red-backed_sandpiper"
	redshank [label=redshank]
	sandpiper -> redshank
	ruff [label=ruff]
	sandpiper -> ruff
	reeve [label=reeve]
	ruff -> reeve
	sanderling [label=sanderling]
	sandpiper -> sanderling
	spotted_sandpiper [label=spotted_sandpiper]
	sandpiper -> spotted_sandpiper
	tattler [label=tattler]
	sandpiper -> tattler
	polynesian_tattler [label=polynesian_tattler]
	tattler -> polynesian_tattler
	willet [label=willet]
	tattler -> willet
	upland_sandpiper [label=upland_sandpiper]
	sandpiper -> upland_sandpiper
	yellowlegs [label=yellowlegs]
	sandpiper -> yellowlegs
	greater_yellowlegs [label=greater_yellowlegs]
	yellowlegs -> greater_yellowlegs
	lesser_yellowlegs [label=lesser_yellowlegs]
	yellowlegs -> lesser_yellowlegs
	snipe [label=snipe]
	shorebird -> snipe
	dowitcher [label=dowitcher]
	snipe -> dowitcher
	greyback [label=greyback]
	dowitcher -> greyback
	"red-breasted_snipe" [label="red-breasted_snipe"]
	dowitcher -> "red-breasted_snipe"
	great_snipe [label=great_snipe]
	snipe -> great_snipe
	jacksnipe [label=jacksnipe]
	snipe -> jacksnipe
	whole_snipe [label=whole_snipe]
	snipe -> whole_snipe
	"wilson's_snipe" [label="wilson's_snipe"]
	snipe -> "wilson's_snipe"
	stilt [label=stilt]
	shorebird -> stilt
	banded_stilt [label=banded_stilt]
	stilt -> banded_stilt
	stilt [label=stilt]
	shorebird -> stilt
	"black-necked_stilt" [label="black-necked_stilt"]
	stilt -> "black-necked_stilt"
	"black-winged_stilt" [label="black-winged_stilt"]
	stilt -> "black-winged_stilt"
	kaki [label=kaki]
	stilt -> kaki
	"white-headed_stilt" [label="white-headed_stilt"]
	stilt -> "white-headed_stilt"
	stone_curlew [label=stone_curlew]
	shorebird -> stone_curlew
	surfbird [label=surfbird]
	shorebird -> surfbird
	woodcock [label=woodcock]
	shorebird -> woodcock
	american_woodcock [label=american_woodcock]
	woodcock -> american_woodcock
	eurasian_woodcock [label=eurasian_woodcock]
	woodcock -> eurasian_woodcock
	spoonbill [label=spoonbill]
	wading_bird -> spoonbill
	common_spoonbill [label=common_spoonbill]
	spoonbill -> common_spoonbill
	roseate_spoonbill [label=roseate_spoonbill]
	spoonbill -> roseate_spoonbill
	stork [label=stork]
	wading_bird -> stork
	adjutant_bird [label=adjutant_bird]
	stork -> adjutant_bird
	black_stork [label=black_stork]
	stork -> black_stork
	jabiru [label=jabiru]
	stork -> jabiru
	marabou [label=marabou]
	stork -> marabou
	openbill [label=openbill]
	stork -> openbill
	policeman_bird [label=policeman_bird]
	stork -> policeman_bird
	saddlebill [label=saddlebill]
	stork -> saddlebill
	white_stork [label=white_stork]
	stork -> white_stork
	wood_ibis [label=wood_ibis]
	stork -> wood_ibis
	trumpeter [label=trumpeter]
	wading_bird -> trumpeter
	brazilian_trumpeter [label=brazilian_trumpeter]
	trumpeter -> brazilian_trumpeter
	waterfowl [label=waterfowl]
	aquatic_bird -> waterfowl
	anseriform_bird [label=anseriform_bird]
	waterfowl -> anseriform_bird
	duck [label=duck]
	anseriform_bird -> duck
	black_duck [label=black_duck]
	duck -> black_duck
	bufflehead [label=bufflehead]
	duck -> bufflehead
	canvasback [label=canvasback]
	duck -> canvasback
	dabbling_duck [label=dabbling_duck]
	duck -> dabbling_duck
	diving_duck [label=diving_duck]
	duck -> diving_duck
	drake [label=drake]
	duck -> drake
	duckling [label=duckling]
	duck -> duckling
	goldeneye [label=goldeneye]
	duck -> goldeneye
	"barrow's_goldeneye" [label="barrow's_goldeneye"]
	goldeneye -> "barrow's_goldeneye"
	mallard [label=mallard]
	duck -> mallard
	mandarin_duck [label=mandarin_duck]
	duck -> mandarin_duck
	muscovy_duck [label=muscovy_duck]
	duck -> muscovy_duck
	pintail [label=pintail]
	duck -> pintail
	pochard [label=pochard]
	duck -> pochard
	"quack-quack" [label="quack-quack"]
	duck -> "quack-quack"
	redhead [label=redhead]
	duck -> redhead
	ruddy_duck [label=ruddy_duck]
	duck -> ruddy_duck
	scaup [label=scaup]
	duck -> scaup
	greater_scaup [label=greater_scaup]
	scaup -> greater_scaup
	lesser_scaup [label=lesser_scaup]
	scaup -> lesser_scaup
	sea_duck [label=sea_duck]
	duck -> sea_duck
	eider [label=eider]
	sea_duck -> eider
	merganser [label=merganser]
	sea_duck -> merganser
	american_merganser [label=american_merganser]
	merganser -> american_merganser
	goosander [label=goosander]
	merganser -> goosander
	hooded_merganser [label=hooded_merganser]
	merganser -> hooded_merganser
	"red-breasted_merganser" [label="red-breasted_merganser"]
	merganser -> "red-breasted_merganser"
	smew [label=smew]
	merganser -> smew
	old_squaw [label=old_squaw]
	sea_duck -> old_squaw
	scoter [label=scoter]
	sea_duck -> scoter
	common_scoter [label=common_scoter]
	scoter -> common_scoter
	sheldrake [label=sheldrake]
	duck -> sheldrake
	shelduck [label=shelduck]
	sheldrake -> shelduck
	shoveler [label=shoveler]
	duck -> shoveler
	teal [label=teal]
	duck -> teal
	bluewing [label=bluewing]
	teal -> bluewing
	garganey [label=garganey]
	teal -> garganey
	greenwing [label=greenwing]
	teal -> greenwing
	widgeon [label=widgeon]
	duck -> widgeon
	american_widgeon [label=american_widgeon]
	widgeon -> american_widgeon
	wild_duck [label=wild_duck]
	duck -> wild_duck
	wood_duck [label=wood_duck]
	duck -> wood_duck
	wood_drake [label=wood_drake]
	wood_duck -> wood_drake
	goose [label=goose]
	anseriform_bird -> goose
	barnacle_goose [label=barnacle_goose]
	goose -> barnacle_goose
	blue_goose [label=blue_goose]
	goose -> blue_goose
	snow_goose [label=snow_goose]
	blue_goose -> snow_goose
	brant [label=brant]
	goose -> brant
	common_brant_goose [label=common_brant_goose]
	brant -> common_brant_goose
	chinese_goose [label=chinese_goose]
	goose -> chinese_goose
	gander [label=gander]
	goose -> gander
	gosling [label=gosling]
	goose -> gosling
	greylag [label=greylag]
	goose -> greylag
	honker [label=honker]
	goose -> honker
	screamer [label=screamer]
	waterfowl -> screamer
	crested_screamer [label=crested_screamer]
	screamer -> crested_screamer
	chaja [label=chaja]
	crested_screamer -> chaja
	horned_screamer [label=horned_screamer]
	screamer -> horned_screamer
	archaeopteryx [label=archaeopteryx]
	bird -> archaeopteryx
	archaeornis [label=archaeornis]
	bird -> archaeornis
	bird_of_passage [label=bird_of_passage]
	bird -> bird_of_passage
	bird_of_prey [label=bird_of_prey]
	bird -> bird_of_prey
	accipitriformes [label=accipitriformes]
	bird_of_prey -> accipitriformes
	eagle [label=eagle]
	bird_of_prey -> eagle
	bald_eagle [label=bald_eagle]
	eagle -> bald_eagle
	eaglet [label=eaglet]
	eagle -> eaglet
	golden_eagle [label=golden_eagle]
	eagle -> golden_eagle
	ringtail [label=ringtail]
	golden_eagle -> ringtail
	harpy [label=harpy]
	eagle -> harpy
	sea_eagle [label=sea_eagle]
	eagle -> sea_eagle
	ern [label=ern]
	sea_eagle -> ern
	fishing_eagle [label=fishing_eagle]
	sea_eagle -> fishing_eagle
	kamchatkan_sea_eagle [label=kamchatkan_sea_eagle]
	sea_eagle -> kamchatkan_sea_eagle
	tawny_eagle [label=tawny_eagle]
	eagle -> tawny_eagle
	hawk [label=hawk]
	bird_of_prey -> hawk
	buteonine [label=buteonine]
	hawk -> buteonine
	buzzard [label=buzzard]
	hawk -> buzzard
	chicken_hawk [label=chicken_hawk]
	hawk -> chicken_hawk
	"cooper's_hawk" [label="cooper's_hawk"]
	hawk -> "cooper's_hawk"
	eyas [label=eyas]
	hawk -> eyas
	falcon [label=falcon]
	hawk -> falcon
	caracara [label=caracara]
	falcon -> caracara
	"audubon's_caracara" [label="audubon's_caracara"]
	caracara -> "audubon's_caracara"
	carancha [label=carancha]
	caracara -> carancha
	gyrfalcon [label=gyrfalcon]
	falcon -> gyrfalcon
	hobby [label=hobby]
	falcon -> hobby
	kestrel [label=kestrel]
	falcon -> kestrel
	peregrine [label=peregrine]
	falcon -> peregrine
	"falcon-gentle" [label="falcon-gentle"]
	peregrine -> "falcon-gentle"
	pigeon_hawk [label=pigeon_hawk]
	falcon -> pigeon_hawk
	sparrow_hawk [label=sparrow_hawk]
	falcon -> sparrow_hawk
	goshawk [label=goshawk]
	hawk -> goshawk
	harrier [label=harrier]
	hawk -> harrier
	marsh_harrier [label=marsh_harrier]
	harrier -> marsh_harrier
	marsh_hawk [label=marsh_hawk]
	harrier -> marsh_hawk
	"montagu's_harrier" [label="montagu's_harrier"]
	harrier -> "montagu's_harrier"
	harrier_eagle [label=harrier_eagle]
	hawk -> harrier_eagle
	honey_buzzard [label=honey_buzzard]
	hawk -> honey_buzzard
	kite [label=kite]
	hawk -> kite
	black_kite [label=black_kite]
	kite -> black_kite
	"swallow-tailed_kite" [label="swallow-tailed_kite"]
	kite -> "swallow-tailed_kite"
	"white-tailed_kite" [label="white-tailed_kite"]
	kite -> "white-tailed_kite"
	osprey [label=osprey]
	hawk -> osprey
	"red-shouldered_hawk" [label="red-shouldered_hawk"]
	hawk -> "red-shouldered_hawk"
	redtail [label=redtail]
	hawk -> redtail
	"rough-legged_hawk" [label="rough-legged_hawk"]
	hawk -> "rough-legged_hawk"
	sparrow_hawk [label=sparrow_hawk]
	hawk -> sparrow_hawk
	tiercel [label=tiercel]
	hawk -> tiercel
	owl [label=owl]
	bird_of_prey -> owl
	barn_owl [label=barn_owl]
	owl -> barn_owl
	barred_owl [label=barred_owl]
	owl -> barred_owl
	great_grey_owl [label=great_grey_owl]
	owl -> great_grey_owl
	hawk_owl [label=hawk_owl]
	owl -> hawk_owl
	hoot_owl [label=hoot_owl]
	owl -> hoot_owl
	horned_owl [label=horned_owl]
	owl -> horned_owl
	great_horned_owl [label=great_horned_owl]
	horned_owl -> great_horned_owl
	laughing_owl [label=laughing_owl]
	owl -> laughing_owl
	little_owl [label=little_owl]
	owl -> little_owl
	"long-eared_owl" [label="long-eared_owl"]
	owl -> "long-eared_owl"
	owlet [label=owlet]
	owl -> owlet
	scops_owl [label=scops_owl]
	owl -> scops_owl
	old_world_scops_owl [label=old_world_scops_owl]
	scops_owl -> old_world_scops_owl
	oriental_scops_owl [label=oriental_scops_owl]
	scops_owl -> oriental_scops_owl
	screech_owl [label=screech_owl]
	owl -> screech_owl
	screech_owl [label=screech_owl]
	owl -> screech_owl
	spotted_owl [label=spotted_owl]
	owl -> spotted_owl
	tawny_owl [label=tawny_owl]
	owl -> tawny_owl
	secretary_bird [label=secretary_bird]
	bird_of_prey -> secretary_bird
	vulture [label=vulture]
	bird_of_prey -> vulture
	aegypiidae [label=aegypiidae]
	vulture -> aegypiidae
	new_world_vulture [label=new_world_vulture]
	vulture -> new_world_vulture
	black_vulture [label=black_vulture]
	new_world_vulture -> black_vulture
	buzzard [label=buzzard]
	new_world_vulture -> buzzard
	condor [label=condor]
	new_world_vulture -> condor
	andean_condor [label=andean_condor]
	condor -> andean_condor
	california_condor [label=california_condor]
	condor -> california_condor
	king_vulture [label=king_vulture]
	new_world_vulture -> king_vulture
	old_world_vulture [label=old_world_vulture]
	vulture -> old_world_vulture
	bearded_vulture [label=bearded_vulture]
	old_world_vulture -> bearded_vulture
	black_vulture [label=black_vulture]
	old_world_vulture -> black_vulture
	egyptian_vulture [label=egyptian_vulture]
	old_world_vulture -> egyptian_vulture
	griffon_vulture [label=griffon_vulture]
	old_world_vulture -> griffon_vulture
	caprimulgiform_bird [label=caprimulgiform_bird]
	bird -> caprimulgiform_bird
	frogmouth [label=frogmouth]
	caprimulgiform_bird -> frogmouth
	goatsucker [label=goatsucker]
	caprimulgiform_bird -> goatsucker
	"chuck-will's-widow" [label="chuck-will's-widow"]
	goatsucker -> "chuck-will's-widow"
	european_goatsucker [label=european_goatsucker]
	goatsucker -> european_goatsucker
	nighthawk [label=nighthawk]
	goatsucker -> nighthawk
	poorwill [label=poorwill]
	goatsucker -> poorwill
	whippoorwill [label=whippoorwill]
	goatsucker -> whippoorwill
	oilbird [label=oilbird]
	caprimulgiform_bird -> oilbird
	carinate [label=carinate]
	bird -> carinate
	cock [label=cock]
	bird -> cock
	gamecock [label=gamecock]
	cock -> gamecock
	coraciiform_bird [label=coraciiform_bird]
	bird -> coraciiform_bird
	bee_eater [label=bee_eater]
	coraciiform_bird -> bee_eater
	hoopoe [label=hoopoe]
	coraciiform_bird -> hoopoe
	euopean_hoopoe [label=euopean_hoopoe]
	hoopoe -> euopean_hoopoe
	hornbill [label=hornbill]
	coraciiform_bird -> hornbill
	kingfisher [label=kingfisher]
	coraciiform_bird -> kingfisher
	belted_kingfisher [label=belted_kingfisher]
	kingfisher -> belted_kingfisher
	eurasian_kingfisher [label=eurasian_kingfisher]
	kingfisher -> eurasian_kingfisher
	kookaburra [label=kookaburra]
	kingfisher -> kookaburra
	motmot [label=motmot]
	coraciiform_bird -> motmot
	roller [label=roller]
	coraciiform_bird -> roller
	european_roller [label=european_roller]
	roller -> european_roller
	ground_roller [label=ground_roller]
	roller -> ground_roller
	tody [label=tody]
	coraciiform_bird -> tody
	wood_hoopoe [label=wood_hoopoe]
	coraciiform_bird -> wood_hoopoe
	cuculiform_bird [label=cuculiform_bird]
	bird -> cuculiform_bird
	cuckoo [label=cuckoo]
	cuculiform_bird -> cuckoo
	ani [label=ani]
	cuckoo -> ani
	"black-billed_cuckoo" [label="black-billed_cuckoo"]
	cuckoo -> "black-billed_cuckoo"
	coucal [label=coucal]
	cuckoo -> coucal
	crow_pheasant [label=crow_pheasant]
	coucal -> crow_pheasant
	pheasant_coucal [label=pheasant_coucal]
	coucal -> pheasant_coucal
	european_cuckoo [label=european_cuckoo]
	cuckoo -> european_cuckoo
	roadrunner [label=roadrunner]
	cuckoo -> roadrunner
	touraco [label=touraco]
	cuculiform_bird -> touraco
	dickeybird [label=dickeybird]
	bird -> dickeybird
	gallinaceous_bird [label=gallinaceous_bird]
	bird -> gallinaceous_bird
	chachalaca [label=chachalaca]
	gallinaceous_bird -> chachalaca
	texas_chachalaca [label=texas_chachalaca]
	chachalaca -> texas_chachalaca
	columbiform_bird [label=columbiform_bird]
	gallinaceous_bird -> columbiform_bird
	dodo [label=dodo]
	columbiform_bird -> dodo
	pigeon [label=pigeon]
	columbiform_bird -> pigeon
	"band-tailed_pigeon" [label="band-tailed_pigeon"]
	pigeon -> "band-tailed_pigeon"
	domestic_pigeon [label=domestic_pigeon]
	pigeon -> domestic_pigeon
	fairy_swallow [label=fairy_swallow]
	domestic_pigeon -> fairy_swallow
	homing_pigeon [label=homing_pigeon]
	domestic_pigeon -> homing_pigeon
	carrier_pigeon [label=carrier_pigeon]
	homing_pigeon -> carrier_pigeon
	roller [label=roller]
	domestic_pigeon -> roller
	dove [label=dove]
	pigeon -> dove
	australian_turtledove [label=australian_turtledove]
	dove -> australian_turtledove
	mourning_dove [label=mourning_dove]
	dove -> mourning_dove
	turtledove [label=turtledove]
	dove -> turtledove
	ringdove [label=ringdove]
	turtledove -> ringdove
	streptopelia_turtur [label=streptopelia_turtur]
	turtledove -> streptopelia_turtur
	passenger_pigeon [label=passenger_pigeon]
	pigeon -> passenger_pigeon
	pouter_pigeon [label=pouter_pigeon]
	pigeon -> pouter_pigeon
	rock_dove [label=rock_dove]
	pigeon -> rock_dove
	squab [label=squab]
	pigeon -> squab
	wood_pigeon [label=wood_pigeon]
	pigeon -> wood_pigeon
	sandgrouse [label=sandgrouse]
	columbiform_bird -> sandgrouse
	painted_sandgrouse [label=painted_sandgrouse]
	sandgrouse -> painted_sandgrouse
	"pallas's_sandgrouse" [label="pallas's_sandgrouse"]
	sandgrouse -> "pallas's_sandgrouse"
	"pin-tailed_sandgrouse" [label="pin-tailed_sandgrouse"]
	sandgrouse -> "pin-tailed_sandgrouse"
	solitaire [label=solitaire]
	columbiform_bird -> solitaire
	curassow [label=curassow]
	gallinaceous_bird -> curassow
	domestic_fowl [label=domestic_fowl]
	gallinaceous_bird -> domestic_fowl
	bantam [label=bantam]
	domestic_fowl -> bantam
	chicken [label=chicken]
	domestic_fowl -> chicken
	capon [label=capon]
	chicken -> capon
	chick [label=chick]
	chicken -> chick
	cock [label=cock]
	chicken -> cock
	cockerel [label=cockerel]
	cock -> cockerel
	dominique [label=dominique]
	chicken -> dominique
	hen [label=hen]
	chicken -> hen
	brood_hen [label=brood_hen]
	hen -> brood_hen
	cackler [label=cackler]
	hen -> cackler
	layer [label=layer]
	hen -> layer
	mother_hen [label=mother_hen]
	hen -> mother_hen
	pullet [label=pullet]
	hen -> pullet
	orpington [label=orpington]
	chicken -> orpington
	rhode_island_red [label=rhode_island_red]
	chicken -> rhode_island_red
	spring_chicken [label=spring_chicken]
	chicken -> spring_chicken
	cochin [label=cochin]
	domestic_fowl -> cochin
	cornish [label=cornish]
	domestic_fowl -> cornish
	dorking [label=dorking]
	domestic_fowl -> dorking
	game_fowl [label=game_fowl]
	domestic_fowl -> game_fowl
	guinea_fowl [label=guinea_fowl]
	domestic_fowl -> guinea_fowl
	guinea_hen [label=guinea_hen]
	guinea_fowl -> guinea_hen
	plymouth_rock [label=plymouth_rock]
	domestic_fowl -> plymouth_rock
	rock_cornish [label=rock_cornish]
	domestic_fowl -> rock_cornish
	turkey [label=turkey]
	domestic_fowl -> turkey
	turkey_cock [label=turkey_cock]
	turkey -> turkey_cock
	game_bird [label=game_bird]
	gallinaceous_bird -> game_bird
	grouse [label=grouse]
	game_bird -> grouse
	black_grouse [label=black_grouse]
	grouse -> black_grouse
	asian_black_grouse [label=asian_black_grouse]
	black_grouse -> asian_black_grouse
	blackcock [label=blackcock]
	black_grouse -> blackcock
	european_black_grouse [label=european_black_grouse]
	black_grouse -> european_black_grouse
	greyhen [label=greyhen]
	black_grouse -> greyhen
	capercaillie [label=capercaillie]
	grouse -> capercaillie
	prairie_chicken [label=prairie_chicken]
	grouse -> prairie_chicken
	greater_prairie_chicken [label=greater_prairie_chicken]
	prairie_chicken -> greater_prairie_chicken
	heath_hen [label=heath_hen]
	prairie_chicken -> heath_hen
	lesser_prairie_chicken [label=lesser_prairie_chicken]
	prairie_chicken -> lesser_prairie_chicken
	ptarmigan [label=ptarmigan]
	grouse -> ptarmigan
	red_grouse [label=red_grouse]
	ptarmigan -> red_grouse
	moorcock [label=moorcock]
	red_grouse -> moorcock
	moorhen [label=moorhen]
	red_grouse -> moorhen
	ruffed_grouse [label=ruffed_grouse]
	grouse -> ruffed_grouse
	sage_grouse [label=sage_grouse]
	grouse -> sage_grouse
	"sharp-tailed_grouse" [label="sharp-tailed_grouse"]
	grouse -> "sharp-tailed_grouse"
	spruce_grouse [label=spruce_grouse]
	grouse -> spruce_grouse
	phasianid [label=phasianid]
	game_bird -> phasianid
	partridge [label=partridge]
	phasianid -> partridge
	greek_partridge [label=greek_partridge]
	partridge -> greek_partridge
	hungarian_partridge [label=hungarian_partridge]
	partridge -> hungarian_partridge
	mountain_quail [label=mountain_quail]
	partridge -> mountain_quail
	"red-legged_partridge" [label="red-legged_partridge"]
	partridge -> "red-legged_partridge"
	pheasant [label=pheasant]
	phasianid -> pheasant
	afropavo [label=afropavo]
	pheasant -> afropavo
	argus [label=argus]
	pheasant -> argus
	golden_pheasant [label=golden_pheasant]
	pheasant -> golden_pheasant
	monal [label=monal]
	pheasant -> monal
	peafowl [label=peafowl]
	pheasant -> peafowl
	blue_peafowl [label=blue_peafowl]
	peafowl -> blue_peafowl
	green_peafowl [label=green_peafowl]
	peafowl -> green_peafowl
	peachick [label=peachick]
	peafowl -> peachick
	peacock [label=peacock]
	peafowl -> peacock
	peahen [label=peahen]
	peafowl -> peahen
	"ring-necked_pheasant" [label="ring-necked_pheasant"]
	pheasant -> "ring-necked_pheasant"
	tragopan [label=tragopan]
	pheasant -> tragopan
	quail [label=quail]
	phasianid -> quail
	bobwhite [label=bobwhite]
	quail -> bobwhite
	northern_bobwhite [label=northern_bobwhite]
	bobwhite -> northern_bobwhite
	california_quail [label=california_quail]
	quail -> california_quail
	old_world_quail [label=old_world_quail]
	quail -> old_world_quail
	migratory_quail [label=migratory_quail]
	old_world_quail -> migratory_quail
	tinamou [label=tinamou]
	game_bird -> tinamou
	guan [label=guan]
	gallinaceous_bird -> guan
	piping_guan [label=piping_guan]
	guan -> piping_guan
	hoatzin [label=hoatzin]
	gallinaceous_bird -> hoatzin
	jungle_fowl [label=jungle_fowl]
	gallinaceous_bird -> jungle_fowl
	jungle_cock [label=jungle_cock]
	jungle_fowl -> jungle_cock
	jungle_hen [label=jungle_hen]
	jungle_fowl -> jungle_hen
	red_jungle_fowl [label=red_jungle_fowl]
	jungle_fowl -> red_jungle_fowl
	megapode [label=megapode]
	gallinaceous_bird -> megapode
	brush_turkey [label=brush_turkey]
	megapode -> brush_turkey
	maleo [label=maleo]
	megapode -> maleo
	mallee_fowl [label=mallee_fowl]
	megapode -> mallee_fowl
	mallee_hen [label=mallee_hen]
	mallee_fowl -> mallee_hen
	ocellated_turkey [label=ocellated_turkey]
	gallinaceous_bird -> ocellated_turkey
	hen [label=hen]
	bird -> hen
	"ibero-mesornis" [label="ibero-mesornis"]
	bird -> "ibero-mesornis"
	nester [label=nester]
	bird -> nester
	night_bird [label=night_bird]
	bird -> night_bird
	night_raven [label=night_raven]
	night_bird -> night_raven
	nonpasserine_bird [label=nonpasserine_bird]
	bird -> nonpasserine_bird
	parrot [label=parrot]
	bird -> parrot
	african_grey [label=african_grey]
	parrot -> african_grey
	amazon [label=amazon]
	parrot -> amazon
	cockateel [label=cockateel]
	parrot -> cockateel
	cockatoo [label=cockatoo]
	parrot -> cockatoo
	pink_cockatoo [label=pink_cockatoo]
	cockatoo -> pink_cockatoo
	"sulphur-crested_cockatoo" [label="sulphur-crested_cockatoo"]
	cockatoo -> "sulphur-crested_cockatoo"
	kea [label=kea]
	parrot -> kea
	lory [label=lory]
	parrot -> lory
	lorikeet [label=lorikeet]
	lory -> lorikeet
	rainbow_lorikeet [label=rainbow_lorikeet]
	lorikeet -> rainbow_lorikeet
	varied_lorikeet [label=varied_lorikeet]
	lorikeet -> varied_lorikeet
	lovebird [label=lovebird]
	parrot -> lovebird
	macaw [label=macaw]
	parrot -> macaw
	parakeet [label=parakeet]
	parrot -> parakeet
	budgerigar [label=budgerigar]
	parakeet -> budgerigar
	carolina_parakeet [label=carolina_parakeet]
	parakeet -> carolina_parakeet
	"ring-necked_parakeet" [label="ring-necked_parakeet"]
	parakeet -> "ring-necked_parakeet"
	poll [label=poll]
	parrot -> poll
	popinjay [label=popinjay]
	parrot -> popinjay
	passerine [label=passerine]
	bird -> passerine
	broadbill [label=broadbill]
	passerine -> broadbill
	lyrebird [label=lyrebird]
	passerine -> lyrebird
	oscine [label=oscine]
	passerine -> oscine
	accentor [label=accentor]
	oscine -> accentor
	hedge_sparrow [label=hedge_sparrow]
	accentor -> hedge_sparrow
	australian_magpie [label=australian_magpie]
	oscine -> australian_magpie
	butcherbird [label=butcherbird]
	australian_magpie -> butcherbird
	currawong [label=currawong]
	australian_magpie -> currawong
	piping_crow [label=piping_crow]
	australian_magpie -> piping_crow
	babbler [label=babbler]
	oscine -> babbler
	bird_of_paradise [label=bird_of_paradise]
	oscine -> bird_of_paradise
	riflebird [label=riflebird]
	bird_of_paradise -> riflebird
	blue_mockingbird [label=blue_mockingbird]
	oscine -> blue_mockingbird
	bowerbird [label=bowerbird]
	oscine -> bowerbird
	great_bowerbird [label=great_bowerbird]
	bowerbird -> great_bowerbird
	satin_bowerbird [label=satin_bowerbird]
	bowerbird -> satin_bowerbird
	catbird [label=catbird]
	oscine -> catbird
	corvine_bird [label=corvine_bird]
	oscine -> corvine_bird
	chough [label=chough]
	corvine_bird -> chough
	crow [label=crow]
	corvine_bird -> crow
	american_crow [label=american_crow]
	crow -> american_crow
	jackdaw [label=jackdaw]
	corvine_bird -> jackdaw
	jay [label=jay]
	corvine_bird -> jay
	canada_jay [label=canada_jay]
	jay -> canada_jay
	rocky_mountain_jay [label=rocky_mountain_jay]
	canada_jay -> rocky_mountain_jay
	new_world_jay [label=new_world_jay]
	jay -> new_world_jay
	blue_jay [label=blue_jay]
	new_world_jay -> blue_jay
	old_world_jay [label=old_world_jay]
	jay -> old_world_jay
	common_european_jay [label=common_european_jay]
	old_world_jay -> common_european_jay
	magpie [label=magpie]
	corvine_bird -> magpie
	american_magpie [label=american_magpie]
	magpie -> american_magpie
	european_magpie [label=european_magpie]
	magpie -> european_magpie
	nutcracker [label=nutcracker]
	corvine_bird -> nutcracker
	"clark's_nutcracker" [label="clark's_nutcracker"]
	nutcracker -> "clark's_nutcracker"
	common_nutcracker [label=common_nutcracker]
	nutcracker -> common_nutcracker
	raven [label=raven]
	corvine_bird -> raven
	rook [label=rook]
	corvine_bird -> rook
	creeper [label=creeper]
	oscine -> creeper
	brown_creeper [label=brown_creeper]
	creeper -> brown_creeper
	european_creeper [label=european_creeper]
	creeper -> european_creeper
	wall_creeper [label=wall_creeper]
	creeper -> wall_creeper
	fairy_bluebird [label=fairy_bluebird]
	oscine -> fairy_bluebird
	finch [label=finch]
	oscine -> finch
	brambling [label=brambling]
	finch -> brambling
	bullfinch [label=bullfinch]
	finch -> bullfinch
	bunting [label=bunting]
	finch -> bunting
	indigo_bunting [label=indigo_bunting]
	bunting -> indigo_bunting
	ortolan [label=ortolan]
	bunting -> ortolan
	reed_bunting [label=reed_bunting]
	bunting -> reed_bunting
	snow_bunting [label=snow_bunting]
	bunting -> snow_bunting
	"yellow-breasted_bunting" [label="yellow-breasted_bunting"]
	bunting -> "yellow-breasted_bunting"
	yellowhammer [label=yellowhammer]
	bunting -> yellowhammer
	canary [label=canary]
	finch -> canary
	common_canary [label=common_canary]
	canary -> common_canary
	cardinal [label=cardinal]
	finch -> cardinal
	chaffinch [label=chaffinch]
	finch -> chaffinch
	crossbill [label=crossbill]
	finch -> crossbill
	goldfinch [label=goldfinch]
	finch -> goldfinch
	grosbeak [label=grosbeak]
	finch -> grosbeak
	evening_grosbeak [label=evening_grosbeak]
	grosbeak -> evening_grosbeak
	hawfinch [label=hawfinch]
	grosbeak -> hawfinch
	pine_grosbeak [label=pine_grosbeak]
	grosbeak -> pine_grosbeak
	honeycreeper [label=honeycreeper]
	finch -> honeycreeper
	mamo [label=mamo]
	honeycreeper -> mamo
	house_finch [label=house_finch]
	finch -> house_finch
	junco [label=junco]
	finch -> junco
	"dark-eyed_junco" [label="dark-eyed_junco"]
	junco -> "dark-eyed_junco"
	linnet [label=linnet]
	finch -> linnet
	new_world_goldfinch [label=new_world_goldfinch]
	finch -> new_world_goldfinch
	new_world_sparrow [label=new_world_sparrow]
	finch -> new_world_sparrow
	chipping_sparrow [label=chipping_sparrow]
	new_world_sparrow -> chipping_sparrow
	field_sparrow [label=field_sparrow]
	new_world_sparrow -> field_sparrow
	song_sparrow [label=song_sparrow]
	new_world_sparrow -> song_sparrow
	swamp_sparrow [label=swamp_sparrow]
	new_world_sparrow -> swamp_sparrow
	tree_sparrow [label=tree_sparrow]
	new_world_sparrow -> tree_sparrow
	vesper_sparrow [label=vesper_sparrow]
	new_world_sparrow -> vesper_sparrow
	"white-crowned_sparrow" [label="white-crowned_sparrow"]
	new_world_sparrow -> "white-crowned_sparrow"
	"white-throated_sparrow" [label="white-throated_sparrow"]
	new_world_sparrow -> "white-throated_sparrow"
	pine_siskin [label=pine_siskin]
	finch -> pine_siskin
	purple_finch [label=purple_finch]
	finch -> purple_finch
	pyrrhuloxia [label=pyrrhuloxia]
	finch -> pyrrhuloxia
	red_siskin [label=red_siskin]
	finch -> red_siskin
	redpoll [label=redpoll]
	finch -> redpoll
	redpoll [label=redpoll]
	finch -> redpoll
	serin [label=serin]
	finch -> serin
	siskin [label=siskin]
	finch -> siskin
	towhee [label=towhee]
	finch -> towhee
	chewink [label=chewink]
	towhee -> chewink
	"green-tailed_towhee" [label="green-tailed_towhee"]
	towhee -> "green-tailed_towhee"
	honey_eater [label=honey_eater]
	oscine -> honey_eater
	honeycreeper [label=honeycreeper]
	oscine -> honeycreeper
	banana_quit [label=banana_quit]
	honeycreeper -> banana_quit
	lark [label=lark]
	oscine -> lark
	skylark [label=skylark]
	lark -> skylark
	mockingbird [label=mockingbird]
	oscine -> mockingbird
	new_world_oriole [label=new_world_oriole]
	oscine -> new_world_oriole
	bobolink [label=bobolink]
	new_world_oriole -> bobolink
	cacique [label=cacique]
	new_world_oriole -> cacique
	meadowlark [label=meadowlark]
	new_world_oriole -> meadowlark
	eastern_meadowlark [label=eastern_meadowlark]
	meadowlark -> eastern_meadowlark
	western_meadowlark [label=western_meadowlark]
	meadowlark -> western_meadowlark
	new_world_blackbird [label=new_world_blackbird]
	new_world_oriole -> new_world_blackbird
	cowbird [label=cowbird]
	new_world_blackbird -> cowbird
	grackle [label=grackle]
	new_world_blackbird -> grackle
	purple_grackle [label=purple_grackle]
	grackle -> purple_grackle
	"red-winged_blackbird" [label="red-winged_blackbird"]
	new_world_blackbird -> "red-winged_blackbird"
	rusty_blackbird [label=rusty_blackbird]
	new_world_blackbird -> rusty_blackbird
	northern_oriole [label=northern_oriole]
	new_world_oriole -> northern_oriole
	baltimore_oriole [label=baltimore_oriole]
	northern_oriole -> baltimore_oriole
	"bullock's_oriole" [label="bullock's_oriole"]
	northern_oriole -> "bullock's_oriole"
	orchard_oriole [label=orchard_oriole]
	new_world_oriole -> orchard_oriole
	new_zealand_wren [label=new_zealand_wren]
	oscine -> new_zealand_wren
	rifleman_bird [label=rifleman_bird]
	new_zealand_wren -> rifleman_bird
	rock_wren [label=rock_wren]
	new_zealand_wren -> rock_wren
	nuthatch [label=nuthatch]
	oscine -> nuthatch
	european_nuthatch [label=european_nuthatch]
	nuthatch -> european_nuthatch
	"red-breasted_nuthatch" [label="red-breasted_nuthatch"]
	nuthatch -> "red-breasted_nuthatch"
	"white-breasted_nuthatch" [label="white-breasted_nuthatch"]
	nuthatch -> "white-breasted_nuthatch"
	old_world_flycatcher [label=old_world_flycatcher]
	oscine -> old_world_flycatcher
	spotted_flycatcher [label=spotted_flycatcher]
	old_world_flycatcher -> spotted_flycatcher
	thickhead [label=thickhead]
	old_world_flycatcher -> thickhead
	old_world_oriole [label=old_world_oriole]
	oscine -> old_world_oriole
	"fig-bird" [label="fig-bird"]
	old_world_oriole -> "fig-bird"
	golden_oriole [label=golden_oriole]
	old_world_oriole -> golden_oriole
	pipit [label=pipit]
	oscine -> pipit
	meadow_pipit [label=meadow_pipit]
	pipit -> meadow_pipit
	shrike [label=shrike]
	oscine -> shrike
	bush_shrike [label=bush_shrike]
	shrike -> bush_shrike
	"black-fronted_bush_shrike" [label="black-fronted_bush_shrike"]
	bush_shrike -> "black-fronted_bush_shrike"
	butcherbird [label=butcherbird]
	shrike -> butcherbird
	european_shrike [label=european_shrike]
	butcherbird -> european_shrike
	northern_shrike [label=northern_shrike]
	butcherbird -> northern_shrike
	"white-rumped_shrike" [label="white-rumped_shrike"]
	butcherbird -> "white-rumped_shrike"
	loggerhead_shrike [label=loggerhead_shrike]
	shrike -> loggerhead_shrike
	migrant_shrike [label=migrant_shrike]
	shrike -> migrant_shrike
	songbird [label=songbird]
	oscine -> songbird
	starling [label=starling]
	oscine -> starling
	common_starling [label=common_starling]
	starling -> common_starling
	myna [label=myna]
	starling -> myna
	crested_myna [label=crested_myna]
	myna -> crested_myna
	hill_myna [label=hill_myna]
	myna -> hill_myna
	"rose-colored_starling" [label="rose-colored_starling"]
	starling -> "rose-colored_starling"
	swallow [label=swallow]
	oscine -> swallow
	barn_swallow [label=barn_swallow]
	swallow -> barn_swallow
	cliff_swallow [label=cliff_swallow]
	swallow -> cliff_swallow
	martin [label=martin]
	swallow -> martin
	bank_martin [label=bank_martin]
	martin -> bank_martin
	house_martin [label=house_martin]
	martin -> house_martin
	purple_martin [label=purple_martin]
	martin -> purple_martin
	tree_swallow [label=tree_swallow]
	swallow -> tree_swallow
	"white-bellied_swallow" [label="white-bellied_swallow"]
	swallow -> "white-bellied_swallow"
	tanager [label=tanager]
	oscine -> tanager
	hepatic_tanager [label=hepatic_tanager]
	tanager -> hepatic_tanager
	scarlet_tanager [label=scarlet_tanager]
	tanager -> scarlet_tanager
	summer_tanager [label=summer_tanager]
	tanager -> summer_tanager
	western_tanager [label=western_tanager]
	tanager -> western_tanager
	thrasher [label=thrasher]
	oscine -> thrasher
	brown_thrasher [label=brown_thrasher]
	thrasher -> brown_thrasher
	thrush [label=thrush]
	oscine -> thrush
	blackbird [label=blackbird]
	thrush -> blackbird
	bluebird [label=bluebird]
	thrush -> bluebird
	bluethroat [label=bluethroat]
	thrush -> bluethroat
	"clay-colored_robin" [label="clay-colored_robin"]
	thrush -> "clay-colored_robin"
	fieldfare [label=fieldfare]
	thrush -> fieldfare
	hermit_thrush [label=hermit_thrush]
	thrush -> hermit_thrush
	missel_thrush [label=missel_thrush]
	thrush -> missel_thrush
	nightingale [label=nightingale]
	thrush -> nightingale
	bulbul [label=bulbul]
	nightingale -> bulbul
	old_world_chat [label=old_world_chat]
	thrush -> old_world_chat
	stonechat [label=stonechat]
	old_world_chat -> stonechat
	whinchat [label=whinchat]
	old_world_chat -> whinchat
	redstart [label=redstart]
	thrush -> redstart
	redwing [label=redwing]
	thrush -> redwing
	ring_ouzel [label=ring_ouzel]
	thrush -> ring_ouzel
	robin [label=robin]
	thrush -> robin
	robin [label=robin]
	thrush -> robin
	solitaire [label=solitaire]
	thrush -> solitaire
	song_thrush [label=song_thrush]
	thrush -> song_thrush
	thrush_nightingale [label=thrush_nightingale]
	thrush -> thrush_nightingale
	veery [label=veery]
	thrush -> veery
	wheatear [label=wheatear]
	thrush -> wheatear
	wood_thrush [label=wood_thrush]
	thrush -> wood_thrush
	titmouse [label=titmouse]
	oscine -> titmouse
	blue_tit [label=blue_tit]
	titmouse -> blue_tit
	bushtit [label=bushtit]
	titmouse -> bushtit
	chickadee [label=chickadee]
	titmouse -> chickadee
	"black-capped_chickadee" [label="black-capped_chickadee"]
	chickadee -> "black-capped_chickadee"
	carolina_chickadee [label=carolina_chickadee]
	chickadee -> carolina_chickadee
	tufted_titmouse [label=tufted_titmouse]
	titmouse -> tufted_titmouse
	verdin [label=verdin]
	titmouse -> verdin
	"wren-tit" [label="wren-tit"]
	titmouse -> "wren-tit"
	vireo [label=vireo]
	oscine -> vireo
	"blue-headed_vireo" [label="blue-headed_vireo"]
	vireo -> "blue-headed_vireo"
	"red-eyed_vireo" [label="red-eyed_vireo"]
	vireo -> "red-eyed_vireo"
	solitary_vireo [label=solitary_vireo]
	vireo -> solitary_vireo
	wagtail [label=wagtail]
	oscine -> wagtail
	warbler [label=warbler]
	oscine -> warbler
	gnatcatcher [label=gnatcatcher]
	warbler -> gnatcatcher
	greater_whitethroat [label=greater_whitethroat]
	warbler -> greater_whitethroat
	kinglet [label=kinglet]
	warbler -> kinglet
	"gold-crowned_kinglet" [label="gold-crowned_kinglet"]
	kinglet -> "gold-crowned_kinglet"
	goldcrest [label=goldcrest]
	kinglet -> goldcrest
	"ruby-crowned_kinglet" [label="ruby-crowned_kinglet"]
	kinglet -> "ruby-crowned_kinglet"
	lesser_whitethroat [label=lesser_whitethroat]
	warbler -> lesser_whitethroat
	new_world_warbler [label=new_world_warbler]
	warbler -> new_world_warbler
	"audubon's_warbler" [label="audubon's_warbler"]
	new_world_warbler -> "audubon's_warbler"
	blackburn [label=blackburn]
	new_world_warbler -> blackburn
	blackpoll [label=blackpoll]
	new_world_warbler -> blackpoll
	cape_may_warbler [label=cape_may_warbler]
	new_world_warbler -> cape_may_warbler
	flycatching_warbler [label=flycatching_warbler]
	new_world_warbler -> flycatching_warbler
	american_redstart [label=american_redstart]
	flycatching_warbler -> american_redstart
	myrtle_warbler [label=myrtle_warbler]
	new_world_warbler -> myrtle_warbler
	new_world_chat [label=new_world_chat]
	new_world_warbler -> new_world_chat
	"yellow-breasted_chat" [label="yellow-breasted_chat"]
	new_world_chat -> "yellow-breasted_chat"
	ovenbird [label=ovenbird]
	new_world_warbler -> ovenbird
	parula_warbler [label=parula_warbler]
	new_world_warbler -> parula_warbler
	water_thrush [label=water_thrush]
	new_world_warbler -> water_thrush
	"wilson's_warbler" [label="wilson's_warbler"]
	new_world_warbler -> "wilson's_warbler"
	yellow_warbler [label=yellow_warbler]
	new_world_warbler -> yellow_warbler
	yellowthroat [label=yellowthroat]
	new_world_warbler -> yellowthroat
	common_yellowthroat [label=common_yellowthroat]
	yellowthroat -> common_yellowthroat
	old_world_warbler [label=old_world_warbler]
	warbler -> old_world_warbler
	blackcap [label=blackcap]
	old_world_warbler -> blackcap
	sedge_warbler [label=sedge_warbler]
	old_world_warbler -> sedge_warbler
	tailorbird [label=tailorbird]
	old_world_warbler -> tailorbird
	wood_warbler [label=wood_warbler]
	old_world_warbler -> wood_warbler
	wren_warbler [label=wren_warbler]
	old_world_warbler -> wren_warbler
	water_ouzel [label=water_ouzel]
	oscine -> water_ouzel
	american_water_ouzel [label=american_water_ouzel]
	water_ouzel -> american_water_ouzel
	european_water_ouzel [label=european_water_ouzel]
	water_ouzel -> european_water_ouzel
	waxwing [label=waxwing]
	oscine -> waxwing
	bohemian_waxwing [label=bohemian_waxwing]
	waxwing -> bohemian_waxwing
	cedar_waxwing [label=cedar_waxwing]
	waxwing -> cedar_waxwing
	weaver [label=weaver]
	oscine -> weaver
	avadavat [label=avadavat]
	weaver -> avadavat
	baya [label=baya]
	weaver -> baya
	grassfinch [label=grassfinch]
	weaver -> grassfinch
	zebra_finch [label=zebra_finch]
	grassfinch -> zebra_finch
	java_sparrow [label=java_sparrow]
	weaver -> java_sparrow
	whydah [label=whydah]
	weaver -> whydah
	wood_swallow [label=wood_swallow]
	oscine -> wood_swallow
	scrubbird [label=scrubbird]
	passerine -> scrubbird
	sparrow [label=sparrow]
	passerine -> sparrow
	english_sparrow [label=english_sparrow]
	sparrow -> english_sparrow
	tree_sparrow [label=tree_sparrow]
	sparrow -> tree_sparrow
	tyrannid [label=tyrannid]
	passerine -> tyrannid
	antbird [label=antbird]
	tyrannid -> antbird
	ant_shrike [label=ant_shrike]
	antbird -> ant_shrike
	ant_thrush [label=ant_thrush]
	antbird -> ant_thrush
	spotted_antbird [label=spotted_antbird]
	antbird -> spotted_antbird
	manakin [label=manakin]
	tyrannid -> manakin
	new_world_flycatcher [label=new_world_flycatcher]
	tyrannid -> new_world_flycatcher
	cotinga [label=cotinga]
	new_world_flycatcher -> cotinga
	bellbird [label=bellbird]
	cotinga -> bellbird
	cock_of_the_rock [label=cock_of_the_rock]
	cotinga -> cock_of_the_rock
	cock_of_the_rock [label=cock_of_the_rock]
	cotinga -> cock_of_the_rock
	umbrella_bird [label=umbrella_bird]
	cotinga -> umbrella_bird
	kingbird [label=kingbird]
	new_world_flycatcher -> kingbird
	arkansas_kingbird [label=arkansas_kingbird]
	kingbird -> arkansas_kingbird
	"cassin's_kingbird" [label="cassin's_kingbird"]
	kingbird -> "cassin's_kingbird"
	eastern_kingbird [label=eastern_kingbird]
	kingbird -> eastern_kingbird
	grey_kingbird [label=grey_kingbird]
	kingbird -> grey_kingbird
	pewee [label=pewee]
	new_world_flycatcher -> pewee
	western_wood_pewee [label=western_wood_pewee]
	pewee -> western_wood_pewee
	phoebe [label=phoebe]
	new_world_flycatcher -> phoebe
	scissortail [label=scissortail]
	new_world_flycatcher -> scissortail
	vermillion_flycatcher [label=vermillion_flycatcher]
	new_world_flycatcher -> vermillion_flycatcher
	ovenbird [label=ovenbird]
	tyrannid -> ovenbird
	pitta [label=pitta]
	tyrannid -> pitta
	woodhewer [label=woodhewer]
	tyrannid -> woodhewer
	wren [label=wren]
	passerine -> wren
	cactus_wren [label=cactus_wren]
	wren -> cactus_wren
	carolina_wren [label=carolina_wren]
	wren -> carolina_wren
	house_wren [label=house_wren]
	wren -> house_wren
	marsh_wren [label=marsh_wren]
	wren -> marsh_wren
	"long-billed_marsh_wren" [label="long-billed_marsh_wren"]
	marsh_wren -> "long-billed_marsh_wren"
	sedge_wren [label=sedge_wren]
	marsh_wren -> sedge_wren
	rock_wren [label=rock_wren]
	wren -> rock_wren
	winter_wren [label=winter_wren]
	wren -> winter_wren
	piciform_bird [label=piciform_bird]
	bird -> piciform_bird
	barbet [label=barbet]
	piciform_bird -> barbet
	honey_guide [label=honey_guide]
	piciform_bird -> honey_guide
	jacamar [label=jacamar]
	piciform_bird -> jacamar
	puffbird [label=puffbird]
	piciform_bird -> puffbird
	toucan [label=toucan]
	piciform_bird -> toucan
	toucanet [label=toucanet]
	toucan -> toucanet
	woodpecker [label=woodpecker]
	piciform_bird -> woodpecker
	downy_woodpecker [label=downy_woodpecker]
	woodpecker -> downy_woodpecker
	flicker [label=flicker]
	woodpecker -> flicker
	gilded_flicker [label=gilded_flicker]
	flicker -> gilded_flicker
	"red-shafted_flicker" [label="red-shafted_flicker"]
	flicker -> "red-shafted_flicker"
	"yellow-shafted_flicker" [label="yellow-shafted_flicker"]
	flicker -> "yellow-shafted_flicker"
	green_woodpecker [label=green_woodpecker]
	woodpecker -> green_woodpecker
	ivorybill [label=ivorybill]
	woodpecker -> ivorybill
	piculet [label=piculet]
	woodpecker -> piculet
	redheaded_woodpecker [label=redheaded_woodpecker]
	woodpecker -> redheaded_woodpecker
	sapsucker [label=sapsucker]
	woodpecker -> sapsucker
	"red-breasted_sapsucker" [label="red-breasted_sapsucker"]
	sapsucker -> "red-breasted_sapsucker"
	"yellow-bellied_sapsucker" [label="yellow-bellied_sapsucker"]
	sapsucker -> "yellow-bellied_sapsucker"
	wryneck [label=wryneck]
	woodpecker -> wryneck
	protoavis [label=protoavis]
	bird -> protoavis
	ratite [label=ratite]
	bird -> ratite
	cassowary [label=cassowary]
	ratite -> cassowary
	elephant_bird [label=elephant_bird]
	ratite -> elephant_bird
	emu [label=emu]
	ratite -> emu
	kiwi [label=kiwi]
	ratite -> kiwi
	moa [label=moa]
	ratite -> moa
	anomalopteryx [label=anomalopteryx]
	moa -> anomalopteryx
	giant_moa [label=giant_moa]
	moa -> giant_moa
	ostrich [label=ostrich]
	ratite -> ostrich
	rhea [label=rhea]
	ratite -> rhea
	rhea [label=rhea]
	ratite -> rhea
	sinornis [label=sinornis]
	bird -> sinornis
	trogon [label=trogon]
	bird -> trogon
	quetzal [label=quetzal]
	trogon -> quetzal
	resplendent_quetzel [label=resplendent_quetzel]
	quetzal -> resplendent_quetzel
	twitterer [label=twitterer]
	bird -> twitterer
}
