digraph {
	fish [label=fish]
	bony_fish [label=bony_fish]
	fish -> bony_fish
	crossopterygian [label=crossopterygian]
	bony_fish -> crossopterygian
	coelacanth [label=coelacanth]
	crossopterygian -> coelacanth
	lungfish [label=lungfish]
	bony_fish -> lungfish
	ceratodus [label=ceratodus]
	lungfish -> ceratodus
	teleost_fish [label=teleost_fish]
	bony_fish -> teleost_fish
	cornetfish [label=cornetfish]
	teleost_fish -> cornetfish
	flying_fish [label=flying_fish]
	teleost_fish -> flying_fish
	biplane_flying_fish [label=biplane_flying_fish]
	flying_fish -> biplane_flying_fish
	monoplane_flying_fish [label=monoplane_flying_fish]
	flying_fish -> monoplane_flying_fish
	ganoid [label=ganoid]
	teleost_fish -> ganoid
	bowfin [label=bowfin]
	ganoid -> bowfin
	chinese_paddlefish [label=chinese_paddlefish]
	ganoid -> chinese_paddlefish
	gar [label=gar]
	ganoid -> gar
	paddlefish [label=paddlefish]
	ganoid -> paddlefish
	sturgeon [label=sturgeon]
	ganoid -> sturgeon
	beluga [label=beluga]
	sturgeon -> beluga
	pacific_sturgeon [label=pacific_sturgeon]
	sturgeon -> pacific_sturgeon
	halfbeak [label=halfbeak]
	teleost_fish -> halfbeak
	needlefish [label=needlefish]
	teleost_fish -> needlefish
	timucu [label=timucu]
	needlefish -> timucu
	pipefish [label=pipefish]
	teleost_fish -> pipefish
	deepwater_pipefish [label=deepwater_pipefish]
	pipefish -> deepwater_pipefish
	dwarf_pipefish [label=dwarf_pipefish]
	pipefish -> dwarf_pipefish
	seahorse [label=seahorse]
	pipefish -> seahorse
	saury [label=saury]
	teleost_fish -> saury
	shrimpfish [label=shrimpfish]
	teleost_fish -> shrimpfish
	snipefish [label=snipefish]
	teleost_fish -> snipefish
	"soft-finned_fish" [label="soft-finned_fish"]
	teleost_fish -> "soft-finned_fish"
	anchovy [label=anchovy]
	"soft-finned_fish" -> anchovy
	mediterranean_anchovy [label=mediterranean_anchovy]
	anchovy -> mediterranean_anchovy
	argentine [label=argentine]
	"soft-finned_fish" -> argentine
	beaked_salmon [label=beaked_salmon]
	"soft-finned_fish" -> beaked_salmon
	bonefish [label=bonefish]
	"soft-finned_fish" -> bonefish
	catfish [label=catfish]
	"soft-finned_fish" -> catfish
	armored_catfish [label=armored_catfish]
	catfish -> armored_catfish
	bullhead [label=bullhead]
	catfish -> bullhead
	brown_bullhead [label=brown_bullhead]
	bullhead -> brown_bullhead
	horned_pout [label=horned_pout]
	bullhead -> horned_pout
	channel_catfish [label=channel_catfish]
	catfish -> channel_catfish
	blue_catfish [label=blue_catfish]
	channel_catfish -> blue_catfish
	flathead_catfish [label=flathead_catfish]
	catfish -> flathead_catfish
	sea_catfish [label=sea_catfish]
	catfish -> sea_catfish
	crucifix_fish [label=crucifix_fish]
	sea_catfish -> crucifix_fish
	silurid [label=silurid]
	catfish -> silurid
	electric_catfish [label=electric_catfish]
	silurid -> electric_catfish
	european_catfish [label=european_catfish]
	silurid -> european_catfish
	clupeid_fish [label=clupeid_fish]
	"soft-finned_fish" -> clupeid_fish
	alewife [label=alewife]
	clupeid_fish -> alewife
	herring [label=herring]
	clupeid_fish -> herring
	atlantic_herring [label=atlantic_herring]
	herring -> atlantic_herring
	pacific_herring [label=pacific_herring]
	herring -> pacific_herring
	menhaden [label=menhaden]
	clupeid_fish -> menhaden
	pilchard [label=pilchard]
	clupeid_fish -> pilchard
	pacific_sardine [label=pacific_sardine]
	pilchard -> pacific_sardine
	sardine [label=sardine]
	clupeid_fish -> sardine
	brisling [label=brisling]
	sardine -> brisling
	sild [label=sild]
	sardine -> sild
	shad [label=shad]
	clupeid_fish -> shad
	allice_shad [label=allice_shad]
	shad -> allice_shad
	common_american_shad [label=common_american_shad]
	shad -> common_american_shad
	river_shad [label=river_shad]
	shad -> river_shad
	cypriniform_fish [label=cypriniform_fish]
	"soft-finned_fish" -> cypriniform_fish
	catostomid [label=catostomid]
	cypriniform_fish -> catostomid
	sucker [label=sucker]
	catostomid -> sucker
	buffalo_fish [label=buffalo_fish]
	sucker -> buffalo_fish
	black_buffalo [label=black_buffalo]
	buffalo_fish -> black_buffalo
	hog_sucker [label=hog_sucker]
	sucker -> hog_sucker
	redhorse [label=redhorse]
	sucker -> redhorse
	characin [label=characin]
	cypriniform_fish -> characin
	cardinal_tetra [label=cardinal_tetra]
	characin -> cardinal_tetra
	piranha [label=piranha]
	characin -> piranha
	tetra [label=tetra]
	characin -> tetra
	cyprinid [label=cyprinid]
	cypriniform_fish -> cyprinid
	carp [label=carp]
	cyprinid -> carp
	domestic_carp [label=domestic_carp]
	carp -> domestic_carp
	leather_carp [label=leather_carp]
	domestic_carp -> leather_carp
	mirror_carp [label=mirror_carp]
	domestic_carp -> mirror_carp
	chub [label=chub]
	cyprinid -> chub
	crucian_carp [label=crucian_carp]
	cyprinid -> crucian_carp
	dace [label=dace]
	cyprinid -> dace
	goldfish [label=goldfish]
	cyprinid -> goldfish
	silverfish [label=silverfish]
	goldfish -> silverfish
	gudgeon [label=gudgeon]
	cyprinid -> gudgeon
	minnow [label=minnow]
	cyprinid -> minnow
	roach [label=roach]
	cyprinid -> roach
	rudd [label=rudd]
	cyprinid -> rudd
	shiner [label=shiner]
	cyprinid -> shiner
	common_shiner [label=common_shiner]
	shiner -> common_shiner
	emerald_shiner [label=emerald_shiner]
	shiner -> emerald_shiner
	golden_shiner [label=golden_shiner]
	shiner -> golden_shiner
	tench [label=tench]
	cyprinid -> tench
	cyprinodont [label=cyprinodont]
	cypriniform_fish -> cyprinodont
	guppy [label=guppy]
	cyprinodont -> guppy
	killifish [label=killifish]
	cyprinodont -> killifish
	flagfish [label=flagfish]
	killifish -> flagfish
	mummichog [label=mummichog]
	killifish -> mummichog
	rivulus [label=rivulus]
	killifish -> rivulus
	striped_killifish [label=striped_killifish]
	killifish -> striped_killifish
	swordtail [label=swordtail]
	cyprinodont -> swordtail
	electric_eel [label=electric_eel]
	cypriniform_fish -> electric_eel
	loach [label=loach]
	cypriniform_fish -> loach
	topminnow [label=topminnow]
	cypriniform_fish -> topminnow
	mollie [label=mollie]
	topminnow -> mollie
	mosquitofish [label=mosquitofish]
	topminnow -> mosquitofish
	platy [label=platy]
	topminnow -> platy
	eel [label=eel]
	"soft-finned_fish" -> eel
	common_eel [label=common_eel]
	eel -> common_eel
	conger [label=conger]
	eel -> conger
	elver [label=elver]
	eel -> elver
	moray [label=moray]
	eel -> moray
	tuna [label=tuna]
	eel -> tuna
	gadoid [label=gadoid]
	"soft-finned_fish" -> gadoid
	cod [label=cod]
	gadoid -> cod
	atlantic_cod [label=atlantic_cod]
	cod -> atlantic_cod
	burbot [label=burbot]
	cod -> burbot
	codling [label=codling]
	cod -> codling
	pacific_cod [label=pacific_cod]
	cod -> pacific_cod
	scrod [label=scrod]
	cod -> scrod
	cusk [label=cusk]
	gadoid -> cusk
	grenadier [label=grenadier]
	gadoid -> grenadier
	haddock [label=haddock]
	gadoid -> haddock
	hake [label=hake]
	gadoid -> hake
	ling [label=ling]
	hake -> ling
	silver_hake [label=silver_hake]
	hake -> silver_hake
	ling [label=ling]
	gadoid -> ling
	pollack [label=pollack]
	gadoid -> pollack
	whiting [label=whiting]
	gadoid -> whiting
	greeneye [label=greeneye]
	"soft-finned_fish" -> greeneye
	handsaw_fish [label=handsaw_fish]
	"soft-finned_fish" -> handsaw_fish
	lancetfish [label=lancetfish]
	"soft-finned_fish" -> lancetfish
	lanternfish [label=lanternfish]
	"soft-finned_fish" -> lanternfish
	lizardfish [label=lizardfish]
	"soft-finned_fish" -> lizardfish
	new_world_opah [label=new_world_opah]
	"soft-finned_fish" -> new_world_opah
	oarfish [label=oarfish]
	"soft-finned_fish" -> oarfish
	opah [label=opah]
	"soft-finned_fish" -> opah
	ostariophysi [label=ostariophysi]
	"soft-finned_fish" -> ostariophysi
	ribbonfish [label=ribbonfish]
	"soft-finned_fish" -> ribbonfish
	dealfish [label=dealfish]
	ribbonfish -> dealfish
	salmonid [label=salmonid]
	"soft-finned_fish" -> salmonid
	char [label=char]
	salmonid -> char
	arctic_char [label=arctic_char]
	char -> arctic_char
	salmon [label=salmon]
	salmonid -> salmon
	atlantic_salmon [label=atlantic_salmon]
	salmon -> atlantic_salmon
	landlocked_salmon [label=landlocked_salmon]
	atlantic_salmon -> landlocked_salmon
	blackfish [label=blackfish]
	salmon -> blackfish
	chinook [label=chinook]
	salmon -> chinook
	chum_salmon [label=chum_salmon]
	salmon -> chum_salmon
	coho [label=coho]
	salmon -> coho
	redfish [label=redfish]
	salmon -> redfish
	sockeye [label=sockeye]
	salmon -> sockeye
	trout [label=trout]
	salmonid -> trout
	brook_trout [label=brook_trout]
	trout -> brook_trout
	brown_trout [label=brown_trout]
	trout -> brown_trout
	sea_trout [label=sea_trout]
	brown_trout -> sea_trout
	lake_trout [label=lake_trout]
	trout -> lake_trout
	rainbow_trout [label=rainbow_trout]
	trout -> rainbow_trout
	smelt [label=smelt]
	"soft-finned_fish" -> smelt
	capelin [label=capelin]
	smelt -> capelin
	rainbow_smelt [label=rainbow_smelt]
	smelt -> rainbow_smelt
	sparling [label=sparling]
	smelt -> sparling
	tarpon [label=tarpon]
	"soft-finned_fish" -> tarpon
	ladyfish [label=ladyfish]
	tarpon -> ladyfish
	whitefish [label=whitefish]
	"soft-finned_fish" -> whitefish
	cisco [label=cisco]
	whitefish -> cisco
	lake_whitefish [label=lake_whitefish]
	whitefish -> lake_whitefish
	rocky_mountain_whitefish [label=rocky_mountain_whitefish]
	whitefish -> rocky_mountain_whitefish
	round_whitefish [label=round_whitefish]
	whitefish -> round_whitefish
	"spiny-finned_fish" [label="spiny-finned_fish"]
	teleost_fish -> "spiny-finned_fish"
	anomalops [label=anomalops]
	"spiny-finned_fish" -> anomalops
	barracuda [label=barracuda]
	"spiny-finned_fish" -> barracuda
	great_barracuda [label=great_barracuda]
	barracuda -> great_barracuda
	batfish [label=batfish]
	"spiny-finned_fish" -> batfish
	boarfish [label=boarfish]
	"spiny-finned_fish" -> boarfish
	boarfish [label=boarfish]
	"spiny-finned_fish" -> boarfish
	dory [label=dory]
	"spiny-finned_fish" -> dory
	john_dory [label=john_dory]
	dory -> john_dory
	dragonet [label=dragonet]
	"spiny-finned_fish" -> dragonet
	flashlight_fish [label=flashlight_fish]
	"spiny-finned_fish" -> flashlight_fish
	flatfish [label=flatfish]
	"spiny-finned_fish" -> flatfish
	flounder [label=flounder]
	flatfish -> flounder
	halibut [label=halibut]
	flatfish -> halibut
	lefteye_flounder [label=lefteye_flounder]
	flatfish -> lefteye_flounder
	brill [label=brill]
	lefteye_flounder -> brill
	grey_flounder [label=grey_flounder]
	lefteye_flounder -> grey_flounder
	sand_dab [label=sand_dab]
	lefteye_flounder -> sand_dab
	southern_flounder [label=southern_flounder]
	lefteye_flounder -> southern_flounder
	summer_flounder [label=summer_flounder]
	lefteye_flounder -> summer_flounder
	turbot [label=turbot]
	lefteye_flounder -> turbot
	whiff [label=whiff]
	lefteye_flounder -> whiff
	horned_whiff [label=horned_whiff]
	whiff -> horned_whiff
	windowpane [label=windowpane]
	lefteye_flounder -> windowpane
	righteye_flounder [label=righteye_flounder]
	flatfish -> righteye_flounder
	american_plaice [label=american_plaice]
	righteye_flounder -> american_plaice
	atlantic_halibut [label=atlantic_halibut]
	righteye_flounder -> atlantic_halibut
	european_flatfish [label=european_flatfish]
	righteye_flounder -> european_flatfish
	lemon_sole [label=lemon_sole]
	righteye_flounder -> lemon_sole
	pacific_halibut [label=pacific_halibut]
	righteye_flounder -> pacific_halibut
	plaice [label=plaice]
	righteye_flounder -> plaice
	winter_flounder [label=winter_flounder]
	righteye_flounder -> winter_flounder
	yellowtail_flounder [label=yellowtail_flounder]
	righteye_flounder -> yellowtail_flounder
	sole [label=sole]
	flatfish -> sole
	english_sole [label=english_sole]
	sole -> english_sole
	european_sole [label=european_sole]
	sole -> european_sole
	hogchoker [label=hogchoker]
	sole -> hogchoker
	lemon_sole [label=lemon_sole]
	sole -> lemon_sole
	sand_sole [label=sand_sole]
	sole -> sand_sole
	tonguefish [label=tonguefish]
	flatfish -> tonguefish
	frogfish [label=frogfish]
	"spiny-finned_fish" -> frogfish
	goosefish [label=goosefish]
	"spiny-finned_fish" -> goosefish
	percoid_fish [label=percoid_fish]
	"spiny-finned_fish" -> percoid_fish
	archerfish [label=archerfish]
	percoid_fish -> archerfish
	bass [label=bass]
	percoid_fish -> bass
	freshwater_bass [label=freshwater_bass]
	bass -> freshwater_bass
	bigeye [label=bigeye]
	percoid_fish -> bigeye
	blanquillo [label=blanquillo]
	percoid_fish -> blanquillo
	blennioid_fish [label=blennioid_fish]
	percoid_fish -> blennioid_fish
	blenny [label=blenny]
	blennioid_fish -> blenny
	molly_miller [label=molly_miller]
	blenny -> molly_miller
	shanny [label=shanny]
	blenny -> shanny
	clinid [label=clinid]
	blennioid_fish -> clinid
	eelpout [label=eelpout]
	blennioid_fish -> eelpout
	fish_doctor [label=fish_doctor]
	eelpout -> fish_doctor
	ocean_pout [label=ocean_pout]
	eelpout -> ocean_pout
	viviparous_eelpout [label=viviparous_eelpout]
	eelpout -> viviparous_eelpout
	gunnel [label=gunnel]
	blennioid_fish -> gunnel
	rock_gunnel [label=rock_gunnel]
	gunnel -> rock_gunnel
	pikeblenny [label=pikeblenny]
	blennioid_fish -> pikeblenny
	bluethroat_pikeblenny [label=bluethroat_pikeblenny]
	pikeblenny -> bluethroat_pikeblenny
	prickleback [label=prickleback]
	blennioid_fish -> prickleback
	eelblenny [label=eelblenny]
	prickleback -> eelblenny
	snakeblenny [label=snakeblenny]
	prickleback -> snakeblenny
	wolffish [label=wolffish]
	blennioid_fish -> wolffish
	wrymouth [label=wrymouth]
	blennioid_fish -> wrymouth
	bluefish [label=bluefish]
	percoid_fish -> bluefish
	brotula [label=brotula]
	percoid_fish -> brotula
	butterfish [label=butterfish]
	percoid_fish -> butterfish
	barrelfish [label=barrelfish]
	butterfish -> barrelfish
	dollarfish [label=dollarfish]
	butterfish -> dollarfish
	driftfish [label=driftfish]
	butterfish -> driftfish
	driftfish [label=driftfish]
	butterfish -> driftfish
	harvestfish [label=harvestfish]
	butterfish -> harvestfish
	palometa [label=palometa]
	butterfish -> palometa
	butterfly_fish [label=butterfly_fish]
	percoid_fish -> butterfly_fish
	angelfish [label=angelfish]
	butterfly_fish -> angelfish
	chaetodon [label=chaetodon]
	butterfly_fish -> chaetodon
	rock_beauty [label=rock_beauty]
	butterfly_fish -> rock_beauty
	carangid_fish [label=carangid_fish]
	percoid_fish -> carangid_fish
	jack [label=jack]
	carangid_fish -> jack
	amberjack [label=amberjack]
	jack -> amberjack
	crevalle_jack [label=crevalle_jack]
	jack -> crevalle_jack
	kingfish [label=kingfish]
	jack -> kingfish
	leatherjacket [label=leatherjacket]
	jack -> leatherjacket
	rainbow_runner [label=rainbow_runner]
	jack -> rainbow_runner
	rudderfish [label=rudderfish]
	jack -> rudderfish
	runner [label=runner]
	jack -> runner
	threadfish [label=threadfish]
	jack -> threadfish
	yellow_jack [label=yellow_jack]
	jack -> yellow_jack
	yellowtail [label=yellowtail]
	jack -> yellowtail
	moonfish [label=moonfish]
	carangid_fish -> moonfish
	lookdown [label=lookdown]
	moonfish -> lookdown
	pilotfish [label=pilotfish]
	carangid_fish -> pilotfish
	pompano [label=pompano]
	carangid_fish -> pompano
	florida_pompano [label=florida_pompano]
	pompano -> florida_pompano
	permit [label=permit]
	pompano -> permit
	scad [label=scad]
	carangid_fish -> scad
	bigeye_scad [label=bigeye_scad]
	scad -> bigeye_scad
	horse_mackerel [label=horse_mackerel]
	scad -> horse_mackerel
	horse_mackerel [label=horse_mackerel]
	scad -> horse_mackerel
	mackerel_scad [label=mackerel_scad]
	scad -> mackerel_scad
	round_scad [label=round_scad]
	scad -> round_scad
	cardinalfish [label=cardinalfish]
	percoid_fish -> cardinalfish
	conchfish [label=conchfish]
	cardinalfish -> conchfish
	flame_fish [label=flame_fish]
	cardinalfish -> flame_fish
	catalufa [label=catalufa]
	percoid_fish -> catalufa
	cichlid [label=cichlid]
	percoid_fish -> cichlid
	bolti [label=bolti]
	cichlid -> bolti
	clingfish [label=clingfish]
	percoid_fish -> clingfish
	skillet_fish [label=skillet_fish]
	clingfish -> skillet_fish
	cobia [label=cobia]
	percoid_fish -> cobia
	"cusk-eel" [label="cusk-eel"]
	percoid_fish -> "cusk-eel"
	cutlassfish [label=cutlassfish]
	percoid_fish -> cutlassfish
	damselfish [label=damselfish]
	percoid_fish -> damselfish
	anemone_fish [label=anemone_fish]
	damselfish -> anemone_fish
	clown_anemone_fish [label=clown_anemone_fish]
	anemone_fish -> clown_anemone_fish
	beaugregory [label=beaugregory]
	damselfish -> beaugregory
	sergeant_major [label=sergeant_major]
	damselfish -> sergeant_major
	dolphinfish [label=dolphinfish]
	percoid_fish -> dolphinfish
	coryphaena_equisetis [label=coryphaena_equisetis]
	dolphinfish -> coryphaena_equisetis
	coryphaena_hippurus [label=coryphaena_hippurus]
	dolphinfish -> coryphaena_hippurus
	flathead [label=flathead]
	percoid_fish -> flathead
	gempylid [label=gempylid]
	percoid_fish -> gempylid
	escolar [label=escolar]
	gempylid -> escolar
	oilfish [label=oilfish]
	gempylid -> oilfish
	snake_mackerel [label=snake_mackerel]
	gempylid -> snake_mackerel
	goby [label=goby]
	percoid_fish -> goby
	mudskipper [label=mudskipper]
	goby -> mudskipper
	grunt [label=grunt]
	percoid_fish -> grunt
	cottonwick [label=cottonwick]
	grunt -> cottonwick
	margate [label=margate]
	grunt -> margate
	pigfish [label=pigfish]
	grunt -> pigfish
	pompon [label=pompon]
	grunt -> pompon
	porkfish [label=porkfish]
	grunt -> porkfish
	"sailor's-choice" [label="sailor's-choice"]
	grunt -> "sailor's-choice"
	spanish_grunt [label=spanish_grunt]
	grunt -> spanish_grunt
	tomtate [label=tomtate]
	grunt -> tomtate
	jawfish [label=jawfish]
	percoid_fish -> jawfish
	mojarra [label=mojarra]
	percoid_fish -> mojarra
	silver_jenny [label=silver_jenny]
	mojarra -> silver_jenny
	yellowfin_mojarra [label=yellowfin_mojarra]
	mojarra -> yellowfin_mojarra
	mullet [label=mullet]
	percoid_fish -> mullet
	liza [label=liza]
	mullet -> liza
	striped_mullet [label=striped_mullet]
	mullet -> striped_mullet
	white_mullet [label=white_mullet]
	mullet -> white_mullet
	mullet [label=mullet]
	percoid_fish -> mullet
	goatfish [label=goatfish]
	mullet -> goatfish
	red_goatfish [label=red_goatfish]
	goatfish -> red_goatfish
	yellow_goatfish [label=yellow_goatfish]
	goatfish -> yellow_goatfish
	parrotfish [label=parrotfish]
	percoid_fish -> parrotfish
	pearlfish [label=pearlfish]
	percoid_fish -> pearlfish
	perch [label=perch]
	percoid_fish -> perch
	european_perch [label=european_perch]
	perch -> european_perch
	"pike-perch" [label="pike-perch"]
	perch -> "pike-perch"
	walleye [label=walleye]
	"pike-perch" -> walleye
	blue_pike [label=blue_pike]
	walleye -> blue_pike
	snail_darter [label=snail_darter]
	perch -> snail_darter
	yellow_perch [label=yellow_perch]
	perch -> yellow_perch
	perch [label=perch]
	percoid_fish -> perch
	pike [label=pike]
	percoid_fish -> pike
	muskellunge [label=muskellunge]
	pike -> muskellunge
	northern_pike [label=northern_pike]
	pike -> northern_pike
	pickerel [label=pickerel]
	pike -> pickerel
	chain_pickerel [label=chain_pickerel]
	pickerel -> chain_pickerel
	redfin_pickerel [label=redfin_pickerel]
	pickerel -> redfin_pickerel
	robalo [label=robalo]
	percoid_fish -> robalo
	snook [label=snook]
	robalo -> snook
	sand_stargazer [label=sand_stargazer]
	percoid_fish -> sand_stargazer
	sandfish [label=sandfish]
	percoid_fish -> sandfish
	sciaenid_fish [label=sciaenid_fish]
	percoid_fish -> sciaenid_fish
	croaker [label=croaker]
	sciaenid_fish -> croaker
	atlantic_croaker [label=atlantic_croaker]
	croaker -> atlantic_croaker
	white_croaker [label=white_croaker]
	croaker -> white_croaker
	white_croaker [label=white_croaker]
	croaker -> white_croaker
	yellowfin_croaker [label=yellowfin_croaker]
	croaker -> yellowfin_croaker
	drum [label=drum]
	sciaenid_fish -> drum
	"jackknife-fish" [label="jackknife-fish"]
	drum -> "jackknife-fish"
	red_drum [label=red_drum]
	drum -> red_drum
	silver_perch [label=silver_perch]
	drum -> silver_perch
	striped_drum [label=striped_drum]
	drum -> striped_drum
	maigre [label=maigre]
	sciaenid_fish -> maigre
	mulloway [label=mulloway]
	sciaenid_fish -> mulloway
	sea_trout [label=sea_trout]
	sciaenid_fish -> sea_trout
	spotted_weakfish [label=spotted_weakfish]
	sea_trout -> spotted_weakfish
	weakfish [label=weakfish]
	sea_trout -> weakfish
	whiting [label=whiting]
	sciaenid_fish -> whiting
	corbina [label=corbina]
	whiting -> corbina
	king_whiting [label=king_whiting]
	whiting -> king_whiting
	kingfish [label=kingfish]
	whiting -> kingfish
	northern_whiting [label=northern_whiting]
	whiting -> northern_whiting
	silver_whiting [label=silver_whiting]
	whiting -> silver_whiting
	scombroid [label=scombroid]
	percoid_fish -> scombroid
	billfish [label=billfish]
	scombroid -> billfish
	marlin [label=marlin]
	billfish -> marlin
	black_marlin [label=black_marlin]
	marlin -> black_marlin
	blue_marlin [label=blue_marlin]
	marlin -> blue_marlin
	striped_marlin [label=striped_marlin]
	marlin -> striped_marlin
	white_marlin [label=white_marlin]
	marlin -> white_marlin
	spearfish [label=spearfish]
	billfish -> spearfish
	bonito [label=bonito]
	scombroid -> bonito
	bonito [label=bonito]
	scombroid -> bonito
	chile_bonito [label=chile_bonito]
	bonito -> chile_bonito
	skipjack [label=skipjack]
	bonito -> skipjack
	louvar [label=louvar]
	scombroid -> louvar
	mackerel [label=mackerel]
	scombroid -> mackerel
	chub_mackerel [label=chub_mackerel]
	mackerel -> chub_mackerel
	common_mackerel [label=common_mackerel]
	mackerel -> common_mackerel
	spanish_mackerel [label=spanish_mackerel]
	mackerel -> spanish_mackerel
	cero [label=cero]
	spanish_mackerel -> cero
	king_mackerel [label=king_mackerel]
	spanish_mackerel -> king_mackerel
	scomberomorus_maculatus [label=scomberomorus_maculatus]
	spanish_mackerel -> scomberomorus_maculatus
	sierra [label=sierra]
	spanish_mackerel -> sierra
	spanish_mackerel [label=spanish_mackerel]
	mackerel -> spanish_mackerel
	wahoo [label=wahoo]
	mackerel -> wahoo
	sailfish [label=sailfish]
	scombroid -> sailfish
	atlantic_sailfish [label=atlantic_sailfish]
	sailfish -> atlantic_sailfish
	skipjack [label=skipjack]
	scombroid -> skipjack
	squaretail [label=squaretail]
	scombroid -> squaretail
	swordfish [label=swordfish]
	scombroid -> swordfish
	tuna [label=tuna]
	scombroid -> tuna
	albacore [label=albacore]
	tuna -> albacore
	bluefin [label=bluefin]
	tuna -> bluefin
	yellowfin [label=yellowfin]
	tuna -> yellowfin
	sea_bream [label=sea_bream]
	percoid_fish -> sea_bream
	atlantic_sea_bream [label=atlantic_sea_bream]
	sea_bream -> atlantic_sea_bream
	black_bream [label=black_bream]
	sea_bream -> black_bream
	european_sea_bream [label=european_sea_bream]
	sea_bream -> european_sea_bream
	pomfret [label=pomfret]
	sea_bream -> pomfret
	porgy [label=porgy]
	sea_bream -> porgy
	red_porgy [label=red_porgy]
	porgy -> red_porgy
	scup [label=scup]
	porgy -> scup
	scup [label=scup]
	porgy -> scup
	sheepshead_porgy [label=sheepshead_porgy]
	porgy -> sheepshead_porgy
	sea_chub [label=sea_chub]
	percoid_fish -> sea_chub
	bermuda_chub [label=bermuda_chub]
	sea_chub -> bermuda_chub
	serranid_fish [label=serranid_fish]
	percoid_fish -> serranid_fish
	sea_bass [label=sea_bass]
	serranid_fish -> sea_bass
	belted_sandfish [label=belted_sandfish]
	sea_bass -> belted_sandfish
	black_sea_bass [label=black_sea_bass]
	sea_bass -> black_sea_bass
	blackmouth_bass [label=blackmouth_bass]
	sea_bass -> blackmouth_bass
	grouper [label=grouper]
	sea_bass -> grouper
	coney [label=coney]
	grouper -> coney
	"creole-fish" [label="creole-fish"]
	grouper -> "creole-fish"
	hind [label=hind]
	grouper -> hind
	rock_hind [label=rock_hind]
	hind -> rock_hind
	jewfish [label=jewfish]
	grouper -> jewfish
	rock_sea_bass [label=rock_sea_bass]
	sea_bass -> rock_sea_bass
	stone_bass [label=stone_bass]
	sea_bass -> stone_bass
	striped_bass [label=striped_bass]
	sea_bass -> striped_bass
	soapfish [label=soapfish]
	serranid_fish -> soapfish
	white_perch [label=white_perch]
	serranid_fish -> white_perch
	yellow_bass [label=yellow_bass]
	serranid_fish -> yellow_bass
	sleeper [label=sleeper]
	percoid_fish -> sleeper
	snapper [label=snapper]
	percoid_fish -> snapper
	grey_snapper [label=grey_snapper]
	snapper -> grey_snapper
	mutton_snapper [label=mutton_snapper]
	snapper -> mutton_snapper
	red_snapper [label=red_snapper]
	snapper -> red_snapper
	schoolmaster [label=schoolmaster]
	snapper -> schoolmaster
	yellowtail [label=yellowtail]
	snapper -> yellowtail
	spadefish [label=spadefish]
	percoid_fish -> spadefish
	sparid [label=sparid]
	percoid_fish -> sparid
	pinfish [label=pinfish]
	sparid -> pinfish
	sheepshead [label=sheepshead]
	sparid -> sheepshead
	snapper [label=snapper]
	sparid -> snapper
	stargazer [label=stargazer]
	percoid_fish -> stargazer
	sunfish [label=sunfish]
	percoid_fish -> sunfish
	black_bass [label=black_bass]
	sunfish -> black_bass
	kentucky_black_bass [label=kentucky_black_bass]
	black_bass -> kentucky_black_bass
	largemouth [label=largemouth]
	black_bass -> largemouth
	smallmouth [label=smallmouth]
	black_bass -> smallmouth
	crappie [label=crappie]
	sunfish -> crappie
	black_crappie [label=black_crappie]
	crappie -> black_crappie
	white_crappie [label=white_crappie]
	crappie -> white_crappie
	freshwater_bream [label=freshwater_bream]
	sunfish -> freshwater_bream
	bluegill [label=bluegill]
	freshwater_bream -> bluegill
	european_bream [label=european_bream]
	freshwater_bream -> european_bream
	spotted_sunfish [label=spotted_sunfish]
	freshwater_bream -> spotted_sunfish
	pumpkinseed [label=pumpkinseed]
	sunfish -> pumpkinseed
	rock_bass [label=rock_bass]
	sunfish -> rock_bass
	surfperch [label=surfperch]
	percoid_fish -> surfperch
	rainbow_seaperch [label=rainbow_seaperch]
	surfperch -> rainbow_seaperch
	surgeonfish [label=surgeonfish]
	percoid_fish -> surgeonfish
	doctorfish [label=doctorfish]
	surgeonfish -> doctorfish
	threadfin [label=threadfin]
	percoid_fish -> threadfin
	barbu [label=barbu]
	threadfin -> barbu
	tilefish [label=tilefish]
	percoid_fish -> tilefish
	tripletail [label=tripletail]
	percoid_fish -> tripletail
	atlantic_tripletail [label=atlantic_tripletail]
	tripletail -> atlantic_tripletail
	pacific_tripletail [label=pacific_tripletail]
	tripletail -> pacific_tripletail
	whiting [label=whiting]
	percoid_fish -> whiting
	worm_fish [label=worm_fish]
	percoid_fish -> worm_fish
	wrasse [label=wrasse]
	percoid_fish -> wrasse
	bluehead [label=bluehead]
	wrasse -> bluehead
	cunner [label=cunner]
	wrasse -> cunner
	hogfish [label=hogfish]
	wrasse -> hogfish
	pigfish [label=pigfish]
	wrasse -> pigfish
	puddingwife [label=puddingwife]
	wrasse -> puddingwife
	razor_fish [label=razor_fish]
	wrasse -> razor_fish
	pearly_razorfish [label=pearly_razorfish]
	razor_fish -> pearly_razorfish
	slippery_dick [label=slippery_dick]
	wrasse -> slippery_dick
	tautog [label=tautog]
	wrasse -> tautog
	plectognath [label=plectognath]
	"spiny-finned_fish" -> plectognath
	boxfish [label=boxfish]
	plectognath -> boxfish
	cowfish [label=cowfish]
	boxfish -> cowfish
	filefish [label=filefish]
	plectognath -> filefish
	leatherjacket [label=leatherjacket]
	filefish -> leatherjacket
	ocean_sunfish [label=ocean_sunfish]
	plectognath -> ocean_sunfish
	sharptail_mola [label=sharptail_mola]
	ocean_sunfish -> sharptail_mola
	puffer [label=puffer]
	plectognath -> puffer
	spiny_puffer [label=spiny_puffer]
	plectognath -> spiny_puffer
	balloonfish [label=balloonfish]
	spiny_puffer -> balloonfish
	burrfish [label=burrfish]
	spiny_puffer -> burrfish
	porcupinefish [label=porcupinefish]
	spiny_puffer -> porcupinefish
	triggerfish [label=triggerfish]
	plectognath -> triggerfish
	queen_triggerfish [label=queen_triggerfish]
	triggerfish -> queen_triggerfish
	remora [label=remora]
	"spiny-finned_fish" -> remora
	sharksucker [label=sharksucker]
	remora -> sharksucker
	whale_sucker [label=whale_sucker]
	remora -> whale_sucker
	sand_lance [label=sand_lance]
	"spiny-finned_fish" -> sand_lance
	sargassum_fish [label=sargassum_fish]
	"spiny-finned_fish" -> sargassum_fish
	scorpaenoid [label=scorpaenoid]
	"spiny-finned_fish" -> scorpaenoid
	flathead [label=flathead]
	scorpaenoid -> flathead
	flying_gurnard [label=flying_gurnard]
	scorpaenoid -> flying_gurnard
	greenling [label=greenling]
	scorpaenoid -> greenling
	kelp_greenling [label=kelp_greenling]
	greenling -> kelp_greenling
	painted_greenling [label=painted_greenling]
	greenling -> painted_greenling
	gurnard [label=gurnard]
	scorpaenoid -> gurnard
	sea_robin [label=sea_robin]
	gurnard -> sea_robin
	armored_searobin [label=armored_searobin]
	sea_robin -> armored_searobin
	northern_sea_robin [label=northern_sea_robin]
	sea_robin -> northern_sea_robin
	tub_gurnard [label=tub_gurnard]
	gurnard -> tub_gurnard
	lingcod [label=lingcod]
	scorpaenoid -> lingcod
	lumpfish [label=lumpfish]
	scorpaenoid -> lumpfish
	lumpsucker [label=lumpsucker]
	lumpfish -> lumpsucker
	poacher [label=poacher]
	scorpaenoid -> poacher
	alligatorfish [label=alligatorfish]
	poacher -> alligatorfish
	pogge [label=pogge]
	poacher -> pogge
	scorpaenid [label=scorpaenid]
	scorpaenoid -> scorpaenid
	lionfish [label=lionfish]
	scorpaenid -> lionfish
	rockfish [label=rockfish]
	scorpaenid -> rockfish
	copper_rockfish [label=copper_rockfish]
	rockfish -> copper_rockfish
	red_rockfish [label=red_rockfish]
	rockfish -> red_rockfish
	rosefish [label=rosefish]
	rockfish -> rosefish
	vermillion_rockfish [label=vermillion_rockfish]
	rockfish -> vermillion_rockfish
	scorpionfish [label=scorpionfish]
	scorpaenid -> scorpionfish
	plumed_scorpionfish [label=plumed_scorpionfish]
	scorpionfish -> plumed_scorpionfish
	stonefish [label=stonefish]
	scorpaenid -> stonefish
	sculpin [label=sculpin]
	scorpaenoid -> sculpin
	bullhead [label=bullhead]
	sculpin -> bullhead
	grubby [label=grubby]
	sculpin -> grubby
	"miller's-thumb" [label="miller's-thumb"]
	sculpin -> "miller's-thumb"
	sea_raven [label=sea_raven]
	sculpin -> sea_raven
	snailfish [label=snailfish]
	scorpaenoid -> snailfish
	silversides [label=silversides]
	"spiny-finned_fish" -> silversides
	jacksmelt [label=jacksmelt]
	silversides -> jacksmelt
	squirrelfish [label=squirrelfish]
	"spiny-finned_fish" -> squirrelfish
	deepwater_squirrelfish [label=deepwater_squirrelfish]
	squirrelfish -> deepwater_squirrelfish
	holocentrus_ascensionis [label=holocentrus_ascensionis]
	squirrelfish -> holocentrus_ascensionis
	reef_squirrelfish [label=reef_squirrelfish]
	squirrelfish -> reef_squirrelfish
	soldierfish [label=soldierfish]
	squirrelfish -> soldierfish
	stickleback [label=stickleback]
	"spiny-finned_fish" -> stickleback
	"ten-spined_stickleback" [label="ten-spined_stickleback"]
	stickleback -> "ten-spined_stickleback"
	"three-spined_stickleback" [label="three-spined_stickleback"]
	stickleback -> "three-spined_stickleback"
	toadfish [label=toadfish]
	"spiny-finned_fish" -> toadfish
	oyster_fish [label=oyster_fish]
	toadfish -> oyster_fish
	sweeper [label=sweeper]
	teleost_fish -> sweeper
	trumpetfish [label=trumpetfish]
	teleost_fish -> trumpetfish
	"bottom-feeder" [label="bottom-feeder"]
	fish -> "bottom-feeder"
	mullet [label=mullet]
	"bottom-feeder" -> mullet
	goatfish [label=goatfish]
	mullet -> goatfish
	red_goatfish [label=red_goatfish]
	goatfish -> red_goatfish
	yellow_goatfish [label=yellow_goatfish]
	goatfish -> yellow_goatfish
	bottom_lurkers [label=bottom_lurkers]
	fish -> bottom_lurkers
	cartilaginous_fish [label=cartilaginous_fish]
	fish -> cartilaginous_fish
	elasmobranch [label=elasmobranch]
	cartilaginous_fish -> elasmobranch
	ray [label=ray]
	elasmobranch -> ray
	eagle_ray [label=eagle_ray]
	ray -> eagle_ray
	cownose_ray [label=cownose_ray]
	eagle_ray -> cownose_ray
	spotted_eagle_ray [label=spotted_eagle_ray]
	eagle_ray -> spotted_eagle_ray
	electric_ray [label=electric_ray]
	ray -> electric_ray
	guitarfish [label=guitarfish]
	ray -> guitarfish
	manta [label=manta]
	ray -> manta
	atlantic_manta [label=atlantic_manta]
	manta -> atlantic_manta
	devil_ray [label=devil_ray]
	manta -> devil_ray
	sawfish [label=sawfish]
	ray -> sawfish
	smalltooth_sawfish [label=smalltooth_sawfish]
	sawfish -> smalltooth_sawfish
	skate [label=skate]
	ray -> skate
	barndoor_skate [label=barndoor_skate]
	skate -> barndoor_skate
	grey_skate [label=grey_skate]
	skate -> grey_skate
	little_skate [label=little_skate]
	skate -> little_skate
	thorny_skate [label=thorny_skate]
	skate -> thorny_skate
	stingray [label=stingray]
	ray -> stingray
	butterfly_ray [label=butterfly_ray]
	stingray -> butterfly_ray
	roughtail_stingray [label=roughtail_stingray]
	stingray -> roughtail_stingray
	shark [label=shark]
	elasmobranch -> shark
	angel_shark [label=angel_shark]
	shark -> angel_shark
	carpet_shark [label=carpet_shark]
	shark -> carpet_shark
	cat_shark [label=cat_shark]
	shark -> cat_shark
	cow_shark [label=cow_shark]
	shark -> cow_shark
	dogfish [label=dogfish]
	shark -> dogfish
	smooth_dogfish [label=smooth_dogfish]
	dogfish -> smooth_dogfish
	american_smooth_dogfish [label=american_smooth_dogfish]
	smooth_dogfish -> american_smooth_dogfish
	florida_smoothhound [label=florida_smoothhound]
	smooth_dogfish -> florida_smoothhound
	smoothhound [label=smoothhound]
	smooth_dogfish -> smoothhound
	whitetip_shark [label=whitetip_shark]
	smooth_dogfish -> whitetip_shark
	spiny_dogfish [label=spiny_dogfish]
	dogfish -> spiny_dogfish
	atlantic_spiny_dogfish [label=atlantic_spiny_dogfish]
	spiny_dogfish -> atlantic_spiny_dogfish
	pacific_spiny_dogfish [label=pacific_spiny_dogfish]
	spiny_dogfish -> pacific_spiny_dogfish
	hammerhead [label=hammerhead]
	shark -> hammerhead
	shovelhead [label=shovelhead]
	hammerhead -> shovelhead
	smalleye_hammerhead [label=smalleye_hammerhead]
	hammerhead -> smalleye_hammerhead
	smooth_hammerhead [label=smooth_hammerhead]
	hammerhead -> smooth_hammerhead
	mackerel_shark [label=mackerel_shark]
	shark -> mackerel_shark
	basking_shark [label=basking_shark]
	mackerel_shark -> basking_shark
	great_white_shark [label=great_white_shark]
	mackerel_shark -> great_white_shark
	mako [label=mako]
	mackerel_shark -> mako
	bonito_shark [label=bonito_shark]
	mako -> bonito_shark
	longfin_mako [label=longfin_mako]
	mako -> longfin_mako
	shortfin_mako [label=shortfin_mako]
	mako -> shortfin_mako
	porbeagle [label=porbeagle]
	mackerel_shark -> porbeagle
	nurse_shark [label=nurse_shark]
	shark -> nurse_shark
	requiem_shark [label=requiem_shark]
	shark -> requiem_shark
	blacktip_shark [label=blacktip_shark]
	requiem_shark -> blacktip_shark
	blue_shark [label=blue_shark]
	requiem_shark -> blue_shark
	bull_shark [label=bull_shark]
	requiem_shark -> bull_shark
	dusky_shark [label=dusky_shark]
	requiem_shark -> dusky_shark
	lemon_shark [label=lemon_shark]
	requiem_shark -> lemon_shark
	sandbar_shark [label=sandbar_shark]
	requiem_shark -> sandbar_shark
	soupfin_shark [label=soupfin_shark]
	requiem_shark -> soupfin_shark
	tiger_shark [label=tiger_shark]
	requiem_shark -> tiger_shark
	whitetip_shark [label=whitetip_shark]
	requiem_shark -> whitetip_shark
	sand_tiger [label=sand_tiger]
	shark -> sand_tiger
	thresher [label=thresher]
	shark -> thresher
	whale_shark [label=whale_shark]
	shark -> whale_shark
	holocephalan [label=holocephalan]
	cartilaginous_fish -> holocephalan
	chimaera [label=chimaera]
	holocephalan -> chimaera
	rabbitfish [label=rabbitfish]
	chimaera -> rabbitfish
	climbing_perch [label=climbing_perch]
	fish -> climbing_perch
	fingerling [label=fingerling]
	fish -> fingerling
	food_fish [label=food_fish]
	fish -> food_fish
	barracouta [label=barracouta]
	food_fish -> barracouta
	groundfish [label=groundfish]
	food_fish -> groundfish
	herring [label=herring]
	food_fish -> herring
	atlantic_herring [label=atlantic_herring]
	herring -> atlantic_herring
	pacific_herring [label=pacific_herring]
	herring -> pacific_herring
	salmon [label=salmon]
	food_fish -> salmon
	atlantic_salmon [label=atlantic_salmon]
	salmon -> atlantic_salmon
	landlocked_salmon [label=landlocked_salmon]
	atlantic_salmon -> landlocked_salmon
	blackfish [label=blackfish]
	salmon -> blackfish
	chinook [label=chinook]
	salmon -> chinook
	chum_salmon [label=chum_salmon]
	salmon -> chum_salmon
	coho [label=coho]
	salmon -> coho
	redfish [label=redfish]
	salmon -> redfish
	sockeye [label=sockeye]
	salmon -> sockeye
	sardine [label=sardine]
	food_fish -> sardine
	brisling [label=brisling]
	sardine -> brisling
	sild [label=sild]
	sardine -> sild
	sea_bass [label=sea_bass]
	food_fish -> sea_bass
	belted_sandfish [label=belted_sandfish]
	sea_bass -> belted_sandfish
	black_sea_bass [label=black_sea_bass]
	sea_bass -> black_sea_bass
	blackmouth_bass [label=blackmouth_bass]
	sea_bass -> blackmouth_bass
	grouper [label=grouper]
	sea_bass -> grouper
	coney [label=coney]
	grouper -> coney
	"creole-fish" [label="creole-fish"]
	grouper -> "creole-fish"
	hind [label=hind]
	grouper -> hind
	rock_hind [label=rock_hind]
	hind -> rock_hind
	jewfish [label=jewfish]
	grouper -> jewfish
	rock_sea_bass [label=rock_sea_bass]
	sea_bass -> rock_sea_bass
	stone_bass [label=stone_bass]
	sea_bass -> stone_bass
	striped_bass [label=striped_bass]
	sea_bass -> striped_bass
	shad [label=shad]
	food_fish -> shad
	allice_shad [label=allice_shad]
	shad -> allice_shad
	common_american_shad [label=common_american_shad]
	shad -> common_american_shad
	river_shad [label=river_shad]
	shad -> river_shad
	snapper [label=snapper]
	food_fish -> snapper
	grey_snapper [label=grey_snapper]
	snapper -> grey_snapper
	mutton_snapper [label=mutton_snapper]
	snapper -> mutton_snapper
	red_snapper [label=red_snapper]
	snapper -> red_snapper
	schoolmaster [label=schoolmaster]
	snapper -> schoolmaster
	yellowtail [label=yellowtail]
	snapper -> yellowtail
	sole [label=sole]
	food_fish -> sole
	english_sole [label=english_sole]
	sole -> english_sole
	european_sole [label=european_sole]
	sole -> european_sole
	hogchoker [label=hogchoker]
	sole -> hogchoker
	lemon_sole [label=lemon_sole]
	sole -> lemon_sole
	sand_sole [label=sand_sole]
	sole -> sand_sole
	trout [label=trout]
	food_fish -> trout
	brook_trout [label=brook_trout]
	trout -> brook_trout
	brown_trout [label=brown_trout]
	trout -> brown_trout
	sea_trout [label=sea_trout]
	brown_trout -> sea_trout
	lake_trout [label=lake_trout]
	trout -> lake_trout
	rainbow_trout [label=rainbow_trout]
	trout -> rainbow_trout
	tuna [label=tuna]
	food_fish -> tuna
	albacore [label=albacore]
	tuna -> albacore
	bluefin [label=bluefin]
	tuna -> bluefin
	yellowfin [label=yellowfin]
	tuna -> yellowfin
	whitefish [label=whitefish]
	food_fish -> whitefish
	cisco [label=cisco]
	whitefish -> cisco
	lake_whitefish [label=lake_whitefish]
	whitefish -> lake_whitefish
	rocky_mountain_whitefish [label=rocky_mountain_whitefish]
	whitefish -> rocky_mountain_whitefish
	round_whitefish [label=round_whitefish]
	whitefish -> round_whitefish
	game_fish [label=game_fish]
	fish -> game_fish
	mouthbreeder [label=mouthbreeder]
	fish -> mouthbreeder
	northern_snakehead [label=northern_snakehead]
	fish -> northern_snakehead
	rough_fish [label=rough_fish]
	fish -> rough_fish
	spawner [label=spawner]
	fish -> spawner
	young_fish [label=young_fish]
	fish -> young_fish
	brit [label=brit]
	young_fish -> brit
	parr [label=parr]
	young_fish -> parr
	parr [label=parr]
	young_fish -> parr
	whitebait [label=whitebait]
	young_fish -> whitebait
}
